timestamp,image_path_sky,image_path_optical_flow,ghi,dni,dhi,temp,pressure
9/1/2019 6:41,datasets/dataset_cropped/09_Metas/01/06/20190901064130_00160.jpg,datasets_flow/dataset_cropped/09_Metas/01/06/20190901064130_00160.jpg,3.8,0,3.5,19.5,959
9/1/2019 6:42,datasets/dataset_cropped/09_Metas/01/06/20190901064200_00160.jpg,datasets_flow/dataset_cropped/09_Metas/01/06/20190901064200_00160.jpg,3.8,0,3.5,19.5,959
9/1/2019 6:43,datasets/dataset_cropped/09_Metas/01/06/20190901064300_00160.jpg,datasets_flow/dataset_cropped/09_Metas/01/06/20190901064300_00160.jpg,4.5,0,4.3,19.5,959
9/1/2019 6:44,datasets/dataset_cropped/09_Metas/01/06/20190901064400_00160.jpg,datasets_flow/dataset_cropped/09_Metas/01/06/20190901064400_00160.jpg,5.3,0,5.1,19.4,959
9/1/2019 6:45,datasets/dataset_cropped/09_Metas/01/06/20190901064500_00160.jpg,datasets_flow/dataset_cropped/09_Metas/01/06/20190901064500_00160.jpg,6.1,0,5.9,19.4,959
9/1/2019 6:46,datasets/dataset_cropped/09_Metas/01/06/20190901064600_00160.jpg,datasets_flow/dataset_cropped/09_Metas/01/06/20190901064600_00160.jpg,6.8,0,6.6,19.3,960
9/1/2019 6:47,datasets/dataset_cropped/09_Metas/01/06/20190901064700_00160.jpg,datasets_flow/dataset_cropped/09_Metas/01/06/20190901064700_00160.jpg,7.6,0,7.4,19.3,959
9/1/2019 6:48,datasets/dataset_cropped/09_Metas/01/06/20190901064800_00160.jpg,datasets_flow/dataset_cropped/09_Metas/01/06/20190901064800_00160.jpg,8.4,0,8.2,19.2,959
9/1/2019 6:49,datasets/dataset_cropped/09_Metas/01/06/20190901064900_00160.jpg,datasets_flow/dataset_cropped/09_Metas/01/06/20190901064900_00160.jpg,9.3,0,9.1,19.2,960
9/1/2019 6:50,datasets/dataset_cropped/09_Metas/01/06/20190901065000_00160.jpg,datasets_flow/dataset_cropped/09_Metas/01/06/20190901065000_00160.jpg,10.1,0,10,19.2,959
9/1/2019 6:51,datasets/dataset_cropped/09_Metas/01/06/20190901065100_00160.jpg,datasets_flow/dataset_cropped/09_Metas/01/06/20190901065100_00160.jpg,11,1.3,10.9,19.1,959
9/1/2019 6:52,datasets/dataset_cropped/09_Metas/01/06/20190901065200_00160.jpg,datasets_flow/dataset_cropped/09_Metas/01/06/20190901065200_00160.jpg,11.9,19,11.8,19.2,960
9/1/2019 6:53,datasets/dataset_cropped/09_Metas/01/06/20190901065300_00160.jpg,datasets_flow/dataset_cropped/09_Metas/01/06/20190901065300_00160.jpg,13.2,40,12.7,19.4,960
9/1/2019 6:54,datasets/dataset_cropped/09_Metas/01/06/20190901065400_00160.jpg,datasets_flow/dataset_cropped/09_Metas/01/06/20190901065400_00160.jpg,14.3,30.2,13.6,19.6,960
9/1/2019 6:55,datasets/dataset_cropped/09_Metas/01/06/20190901065500_00160.jpg,datasets_flow/dataset_cropped/09_Metas/01/06/20190901065500_00160.jpg,14.7,4.6,14.5,19.8,959
9/1/2019 6:56,datasets/dataset_cropped/09_Metas/01/06/20190901065600_00160.jpg,datasets_flow/dataset_cropped/09_Metas/01/06/20190901065600_00160.jpg,15.5,18.1,15.4,19.9,960
9/1/2019 6:57,datasets/dataset_cropped/09_Metas/01/06/20190901065700_00160.jpg,datasets_flow/dataset_cropped/09_Metas/01/06/20190901065700_00160.jpg,18.6,86.9,16.3,20,959
9/1/2019 6:58,datasets/dataset_cropped/09_Metas/01/06/20190901065800_00160.jpg,datasets_flow/dataset_cropped/09_Metas/01/06/20190901065800_00160.jpg,23.6,143.1,17.1,20.1,960
9/1/2019 6:59,datasets/dataset_cropped/09_Metas/01/06/20190901065900_00160.jpg,datasets_flow/dataset_cropped/09_Metas/01/06/20190901065900_00160.jpg,26.8,158.7,18.1,20.2,960
9/1/2019 7:00,datasets/dataset_cropped/09_Metas/01/07/20190901070000_00160.jpg,datasets_flow/dataset_cropped/09_Metas/01/07/20190901070000_00160.jpg,28.6,167.4,18.9,20.3,960
9/1/2019 7:01,datasets/dataset_cropped/09_Metas/01/07/20190901070100_00160.jpg,datasets_flow/dataset_cropped/09_Metas/01/07/20190901070100_00160.jpg,30.6,177,19.8,20.3,959
9/1/2019 7:02,datasets/dataset_cropped/09_Metas/01/07/20190901070200_00160.jpg,datasets_flow/dataset_cropped/09_Metas/01/07/20190901070200_00160.jpg,32.5,186.9,20.4,20.4,959
9/1/2019 7:03,datasets/dataset_cropped/09_Metas/01/07/20190901070300_00160.jpg,datasets_flow/dataset_cropped/09_Metas/01/07/20190901070300_00160.jpg,34.5,196.2,21.1,20.4,960
9/1/2019 7:04,datasets/dataset_cropped/09_Metas/01/07/20190901070400_00160.jpg,datasets_flow/dataset_cropped/09_Metas/01/07/20190901070400_00160.jpg,36.6,205.2,21.9,20.5,960
9/1/2019 7:05,datasets/dataset_cropped/09_Metas/01/07/20190901070500_00160.jpg,datasets_flow/dataset_cropped/09_Metas/01/07/20190901070500_00160.jpg,39,214.5,22.8,20.5,960
9/1/2019 7:06,datasets/dataset_cropped/09_Metas/01/07/20190901070600_00160.jpg,datasets_flow/dataset_cropped/09_Metas/01/07/20190901070600_00160.jpg,41.2,223.1,23.7,20.5,960
9/1/2019 7:07,datasets/dataset_cropped/09_Metas/01/07/20190901070700_00160.jpg,datasets_flow/dataset_cropped/09_Metas/01/07/20190901070700_00160.jpg,43.7,232.4,24.5,20.6,960
9/1/2019 7:08,datasets/dataset_cropped/09_Metas/01/07/20190901070800_00160.jpg,datasets_flow/dataset_cropped/09_Metas/01/07/20190901070800_00160.jpg,46.1,241.7,25.4,20.7,960
9/1/2019 7:09,datasets/dataset_cropped/09_Metas/01/07/20190901070900_00160.jpg,datasets_flow/dataset_cropped/09_Metas/01/07/20190901070900_00160.jpg,48.6,250.6,26.3,20.7,960
9/1/2019 7:10,datasets/dataset_cropped/09_Metas/01/07/20190901071000_00160.jpg,datasets_flow/dataset_cropped/09_Metas/01/07/20190901071000_00160.jpg,51.1,258.7,27.3,20.8,960
9/1/2019 7:11,datasets/dataset_cropped/09_Metas/01/07/20190901071100_00160.jpg,datasets_flow/dataset_cropped/09_Metas/01/07/20190901071100_00160.jpg,53.6,266.1,28.3,20.7,960
9/1/2019 7:12,datasets/dataset_cropped/09_Metas/01/07/20190901071200_00160.jpg,datasets_flow/dataset_cropped/09_Metas/01/07/20190901071200_00160.jpg,56,273.2,29,20.5,960
9/1/2019 7:13,datasets/dataset_cropped/09_Metas/01/07/20190901071300_00160.jpg,datasets_flow/dataset_cropped/09_Metas/01/07/20190901071300_00160.jpg,58.3,280.6,29.8,20.3,960
9/1/2019 7:14,datasets/dataset_cropped/09_Metas/01/07/20190901071400_00160.jpg,datasets_flow/dataset_cropped/09_Metas/01/07/20190901071400_00160.jpg,60.8,286.9,30.7,20.2,960
9/1/2019 7:15,datasets/dataset_cropped/09_Metas/01/07/20190901071500_00160.jpg,datasets_flow/dataset_cropped/09_Metas/01/07/20190901071500_00160.jpg,63.4,294.1,31.6,20.1,960
9/1/2019 7:16,datasets/dataset_cropped/09_Metas/01/07/20190901071600_00160.jpg,datasets_flow/dataset_cropped/09_Metas/01/07/20190901071600_00160.jpg,66.1,302.2,32.4,20,960
9/1/2019 7:17,datasets/dataset_cropped/09_Metas/01/07/20190901071700_00160.jpg,datasets_flow/dataset_cropped/09_Metas/01/07/20190901071700_00160.jpg,68.7,310,33.2,19.8,960
9/1/2019 7:18,datasets/dataset_cropped/09_Metas/01/07/20190901071800_00160.jpg,datasets_flow/dataset_cropped/09_Metas/01/07/20190901071800_00160.jpg,71.4,317.5,33.9,19.6,960
9/1/2019 7:19,datasets/dataset_cropped/09_Metas/01/07/20190901071900_00160.jpg,datasets_flow/dataset_cropped/09_Metas/01/07/20190901071900_00160.jpg,74,324.6,34.6,19.6,960
9/1/2019 7:20,datasets/dataset_cropped/09_Metas/01/07/20190901072000_00160.jpg,datasets_flow/dataset_cropped/09_Metas/01/07/20190901072000_00160.jpg,76.7,331,35.3,19.6,960
9/1/2019 7:21,datasets/dataset_cropped/09_Metas/01/07/20190901072100_00160.jpg,datasets_flow/dataset_cropped/09_Metas/01/07/20190901072100_00160.jpg,79.3,337.3,36.1,19.7,960
9/1/2019 7:22,datasets/dataset_cropped/09_Metas/01/07/20190901072200_00160.jpg,datasets_flow/dataset_cropped/09_Metas/01/07/20190901072200_00160.jpg,82.1,344.3,36.8,19.8,960
9/1/2019 7:23,datasets/dataset_cropped/09_Metas/01/07/20190901072300_00160.jpg,datasets_flow/dataset_cropped/09_Metas/01/07/20190901072300_00160.jpg,84.9,350.7,37.5,19.9,960
9/1/2019 7:24,datasets/dataset_cropped/09_Metas/01/07/20190901072400_00160.jpg,datasets_flow/dataset_cropped/09_Metas/01/07/20190901072400_00160.jpg,87.6,356.8,38.2,20,960
9/1/2019 7:25,datasets/dataset_cropped/09_Metas/01/07/20190901072500_00160.jpg,datasets_flow/dataset_cropped/09_Metas/01/07/20190901072500_00160.jpg,90.6,364,38.9,20.1,960
9/1/2019 7:26,datasets/dataset_cropped/09_Metas/01/07/20190901072600_00160.jpg,datasets_flow/dataset_cropped/09_Metas/01/07/20190901072600_00160.jpg,93.6,371.5,39.6,20.2,960
9/1/2019 7:27,datasets/dataset_cropped/09_Metas/01/07/20190901072700_00160.jpg,datasets_flow/dataset_cropped/09_Metas/01/07/20190901072700_00160.jpg,96.7,378.3,40.4,20.4,960
9/1/2019 7:28,datasets/dataset_cropped/09_Metas/01/07/20190901072800_00160.jpg,datasets_flow/dataset_cropped/09_Metas/01/07/20190901072800_00160.jpg,99.7,385.1,41.1,20.6,960
9/1/2019 7:29,datasets/dataset_cropped/09_Metas/01/07/20190901072900_00160.jpg,datasets_flow/dataset_cropped/09_Metas/01/07/20190901072900_00160.jpg,102.6,391.1,41.9,20.7,960
9/1/2019 7:30,datasets/dataset_cropped/09_Metas/01/07/20190901073000_00160.jpg,datasets_flow/dataset_cropped/09_Metas/01/07/20190901073000_00160.jpg,105.5,396.8,42.6,20.8,960
9/1/2019 7:31,datasets/dataset_cropped/09_Metas/01/07/20190901073100_00160.jpg,datasets_flow/dataset_cropped/09_Metas/01/07/20190901073100_00160.jpg,108.3,402.4,43.3,21,960
9/1/2019 7:32,datasets/dataset_cropped/09_Metas/01/07/20190901073200_00160.jpg,datasets_flow/dataset_cropped/09_Metas/01/07/20190901073200_00160.jpg,111.1,407.9,44,21.1,960
9/1/2019 7:33,datasets/dataset_cropped/09_Metas/01/07/20190901073300_00160.jpg,datasets_flow/dataset_cropped/09_Metas/01/07/20190901073300_00160.jpg,114,413.6,44.6,21.1,960
9/1/2019 7:34,datasets/dataset_cropped/09_Metas/01/07/20190901073400_00160.jpg,datasets_flow/dataset_cropped/09_Metas/01/07/20190901073400_00160.jpg,117,419.1,45.3,21.1,960
9/1/2019 7:35,datasets/dataset_cropped/09_Metas/01/07/20190901073500_00160.jpg,datasets_flow/dataset_cropped/09_Metas/01/07/20190901073500_00160.jpg,120,425.2,46,21.1,960
9/1/2019 7:36,datasets/dataset_cropped/09_Metas/01/07/20190901073600_00160.jpg,datasets_flow/dataset_cropped/09_Metas/01/07/20190901073600_00160.jpg,122.9,430.2,46.7,21.2,960
9/1/2019 7:37,datasets/dataset_cropped/09_Metas/01/07/20190901073700_00160.jpg,datasets_flow/dataset_cropped/09_Metas/01/07/20190901073700_00160.jpg,125.8,435.7,47.3,21.2,960
9/1/2019 7:38,datasets/dataset_cropped/09_Metas/01/07/20190901073800_00160.jpg,datasets_flow/dataset_cropped/09_Metas/01/07/20190901073800_00160.jpg,128.8,440.9,48,21.4,960
9/1/2019 7:39,datasets/dataset_cropped/09_Metas/01/07/20190901073900_00160.jpg,datasets_flow/dataset_cropped/09_Metas/01/07/20190901073900_00160.jpg,131.7,446.1,48.6,21.5,960
9/1/2019 7:40,datasets/dataset_cropped/09_Metas/01/07/20190901074000_00160.jpg,datasets_flow/dataset_cropped/09_Metas/01/07/20190901074000_00160.jpg,134.6,450.8,49.2,21.5,960
9/1/2019 7:41,datasets/dataset_cropped/09_Metas/01/07/20190901074100_00160.jpg,datasets_flow/dataset_cropped/09_Metas/01/07/20190901074100_00160.jpg,137.6,456.3,49.9,21.6,960
9/1/2019 7:42,datasets/dataset_cropped/09_Metas/01/07/20190901074200_00160.jpg,datasets_flow/dataset_cropped/09_Metas/01/07/20190901074200_00160.jpg,140.8,461.8,50.6,21.7,960
9/1/2019 7:43,datasets/dataset_cropped/09_Metas/01/07/20190901074300_00160.jpg,datasets_flow/dataset_cropped/09_Metas/01/07/20190901074300_00160.jpg,143.9,466.8,51.2,21.7,960
9/1/2019 7:44,datasets/dataset_cropped/09_Metas/01/07/20190901074400_00160.jpg,datasets_flow/dataset_cropped/09_Metas/01/07/20190901074400_00160.jpg,147.1,472.1,51.8,21.9,960
9/1/2019 7:45,datasets/dataset_cropped/09_Metas/01/07/20190901074500_00160.jpg,datasets_flow/dataset_cropped/09_Metas/01/07/20190901074500_00160.jpg,150.2,477.4,52.4,22,960
9/1/2019 7:46,datasets/dataset_cropped/09_Metas/01/07/20190901074600_00160.jpg,datasets_flow/dataset_cropped/09_Metas/01/07/20190901074600_00160.jpg,153.5,482.3,53,22.1,960
9/1/2019 7:47,datasets/dataset_cropped/09_Metas/01/07/20190901074700_00160.jpg,datasets_flow/dataset_cropped/09_Metas/01/07/20190901074700_00160.jpg,156.8,487.5,53.7,22.1,960
9/1/2019 7:48,datasets/dataset_cropped/09_Metas/01/07/20190901074800_00160.jpg,datasets_flow/dataset_cropped/09_Metas/01/07/20190901074800_00160.jpg,160.2,492.3,54.4,22.1,960
9/1/2019 7:49,datasets/dataset_cropped/09_Metas/01/07/20190901074900_00160.jpg,datasets_flow/dataset_cropped/09_Metas/01/07/20190901074900_00160.jpg,163.3,496.9,54.9,22.4,960
9/1/2019 7:50,datasets/dataset_cropped/09_Metas/01/07/20190901075000_00160.jpg,datasets_flow/dataset_cropped/09_Metas/01/07/20190901075000_00160.jpg,166.5,501.6,55.4,22.6,960
9/1/2019 7:51,datasets/dataset_cropped/09_Metas/01/07/20190901075100_00160.jpg,datasets_flow/dataset_cropped/09_Metas/01/07/20190901075100_00160.jpg,169.9,506,56,22.7,960
9/1/2019 7:52,datasets/dataset_cropped/09_Metas/01/07/20190901075200_00160.jpg,datasets_flow/dataset_cropped/09_Metas/01/07/20190901075200_00160.jpg,173.3,510.8,56.5,22.7,960
9/1/2019 7:53,datasets/dataset_cropped/09_Metas/01/07/20190901075300_00160.jpg,datasets_flow/dataset_cropped/09_Metas/01/07/20190901075300_00160.jpg,176.7,515.5,57,22.8,960
9/1/2019 7:54,datasets/dataset_cropped/09_Metas/01/07/20190901075400_00160.jpg,datasets_flow/dataset_cropped/09_Metas/01/07/20190901075400_00160.jpg,180,520.1,57.5,22.8,960
9/1/2019 7:55,datasets/dataset_cropped/09_Metas/01/07/20190901075500_00160.jpg,datasets_flow/dataset_cropped/09_Metas/01/07/20190901075500_00160.jpg,183.4,524.7,58,22.9,960
9/1/2019 7:56,datasets/dataset_cropped/09_Metas/01/07/20190901075600_00160.jpg,datasets_flow/dataset_cropped/09_Metas/01/07/20190901075600_00160.jpg,187,529.9,58.6,23,960
9/1/2019 7:57,datasets/dataset_cropped/09_Metas/01/07/20190901075700_00160.jpg,datasets_flow/dataset_cropped/09_Metas/01/07/20190901075700_00160.jpg,190.7,535.1,59.1,23,960
9/1/2019 7:58,datasets/dataset_cropped/09_Metas/01/07/20190901075800_00160.jpg,datasets_flow/dataset_cropped/09_Metas/01/07/20190901075800_00160.jpg,194.3,539.6,59.6,23.1,960
9/1/2019 7:59,datasets/dataset_cropped/09_Metas/01/07/20190901075900_00160.jpg,datasets_flow/dataset_cropped/09_Metas/01/07/20190901075900_00160.jpg,197.9,544,60.2,23.2,960
9/1/2019 8:00,datasets/dataset_cropped/09_Metas/01/08/20190901080000_00160.jpg,datasets_flow/dataset_cropped/09_Metas/01/08/20190901080000_00160.jpg,201.5,549.1,60.6,23.3,960
9/1/2019 8:01,datasets/dataset_cropped/09_Metas/01/08/20190901080100_00160.jpg,datasets_flow/dataset_cropped/09_Metas/01/08/20190901080100_00160.jpg,205.1,553.6,61.1,23.4,960
9/1/2019 8:02,datasets/dataset_cropped/09_Metas/01/08/20190901080200_00160.jpg,datasets_flow/dataset_cropped/09_Metas/01/08/20190901080200_00160.jpg,208.6,557.7,61.6,23.5,960
9/1/2019 8:03,datasets/dataset_cropped/09_Metas/01/08/20190901080300_00160.jpg,datasets_flow/dataset_cropped/09_Metas/01/08/20190901080300_00160.jpg,212.3,561.9,62.2,23.5,960
9/1/2019 8:04,datasets/dataset_cropped/09_Metas/01/08/20190901080400_00160.jpg,datasets_flow/dataset_cropped/09_Metas/01/08/20190901080400_00160.jpg,215.9,566.3,62.7,23.6,960
9/1/2019 8:05,datasets/dataset_cropped/09_Metas/01/08/20190901080500_00160.jpg,datasets_flow/dataset_cropped/09_Metas/01/08/20190901080500_00160.jpg,219.3,570,63,23.7,960
9/1/2019 8:06,datasets/dataset_cropped/09_Metas/01/08/20190901080600_00160.jpg,datasets_flow/dataset_cropped/09_Metas/01/08/20190901080600_00160.jpg,222.7,573.6,63.5,23.9,960
9/1/2019 8:07,datasets/dataset_cropped/09_Metas/01/08/20190901080700_00160.jpg,datasets_flow/dataset_cropped/09_Metas/01/08/20190901080700_00160.jpg,226.2,577.1,63.9,24,960
9/1/2019 8:08,datasets/dataset_cropped/09_Metas/01/08/20190901080800_00160.jpg,datasets_flow/dataset_cropped/09_Metas/01/08/20190901080800_00160.jpg,229.9,581.6,64.4,24.1,960
9/1/2019 8:09,datasets/dataset_cropped/09_Metas/01/08/20190901080900_00160.jpg,datasets_flow/dataset_cropped/09_Metas/01/08/20190901080900_00160.jpg,233.4,585.3,64.8,24.1,960
9/1/2019 8:10,datasets/dataset_cropped/09_Metas/01/08/20190901081000_00160.jpg,datasets_flow/dataset_cropped/09_Metas/01/08/20190901081000_00160.jpg,237,589.4,65.4,24.2,960
9/1/2019 8:11,datasets/dataset_cropped/09_Metas/01/08/20190901081100_00160.jpg,datasets_flow/dataset_cropped/09_Metas/01/08/20190901081100_00160.jpg,240.6,593.2,66,24.2,960
9/1/2019 8:12,datasets/dataset_cropped/09_Metas/01/08/20190901081200_00160.jpg,datasets_flow/dataset_cropped/09_Metas/01/08/20190901081200_00160.jpg,244.6,597.1,66.7,24.1,960
9/1/2019 8:13,datasets/dataset_cropped/09_Metas/01/08/20190901081300_00160.jpg,datasets_flow/dataset_cropped/09_Metas/01/08/20190901081300_00160.jpg,248.1,600.7,67.2,24.1,960
9/1/2019 8:14,datasets/dataset_cropped/09_Metas/01/08/20190901081400_00160.jpg,datasets_flow/dataset_cropped/09_Metas/01/08/20190901081400_00160.jpg,251.4,603.5,67.7,24.2,960
9/1/2019 8:15,datasets/dataset_cropped/09_Metas/01/08/20190901081500_00160.jpg,datasets_flow/dataset_cropped/09_Metas/01/08/20190901081500_00160.jpg,254.5,605.9,67.8,24.3,960
9/1/2019 8:16,datasets/dataset_cropped/09_Metas/01/08/20190901081600_00160.jpg,datasets_flow/dataset_cropped/09_Metas/01/08/20190901081600_00160.jpg,257.5,607.4,68.2,24.5,960
9/1/2019 8:17,datasets/dataset_cropped/09_Metas/01/08/20190901081700_00160.jpg,datasets_flow/dataset_cropped/09_Metas/01/08/20190901081700_00160.jpg,260.6,609.1,68.7,24.6,960
9/1/2019 8:18,datasets/dataset_cropped/09_Metas/01/08/20190901081800_00160.jpg,datasets_flow/dataset_cropped/09_Metas/01/08/20190901081800_00160.jpg,264.4,613,69.1,24.6,960
9/1/2019 8:19,datasets/dataset_cropped/09_Metas/01/08/20190901081900_00160.jpg,datasets_flow/dataset_cropped/09_Metas/01/08/20190901081900_00160.jpg,267.9,616.6,69.5,24.7,960
9/1/2019 8:20,datasets/dataset_cropped/09_Metas/01/08/20190901082000_00160.jpg,datasets_flow/dataset_cropped/09_Metas/01/08/20190901082000_00160.jpg,271.6,619.8,70.3,24.7,960
9/1/2019 8:21,datasets/dataset_cropped/09_Metas/01/08/20190901082100_00160.jpg,datasets_flow/dataset_cropped/09_Metas/01/08/20190901082100_00160.jpg,274.8,621.5,70.9,24.7,960
9/1/2019 8:22,datasets/dataset_cropped/09_Metas/01/08/20190901082200_00160.jpg,datasets_flow/dataset_cropped/09_Metas/01/08/20190901082200_00160.jpg,278.1,624.5,71,24.8,960
9/1/2019 8:23,datasets/dataset_cropped/09_Metas/01/08/20190901082300_00160.jpg,datasets_flow/dataset_cropped/09_Metas/01/08/20190901082300_00160.jpg,281.3,626.9,71.4,24.9,960
9/1/2019 8:24,datasets/dataset_cropped/09_Metas/01/08/20190901082400_00160.jpg,datasets_flow/dataset_cropped/09_Metas/01/08/20190901082400_00160.jpg,284.8,630,71.8,24.9,960
9/1/2019 8:25,datasets/dataset_cropped/09_Metas/01/08/20190901082500_00160.jpg,datasets_flow/dataset_cropped/09_Metas/01/08/20190901082500_00160.jpg,288.2,632.4,72.2,25,960
9/1/2019 8:26,datasets/dataset_cropped/09_Metas/01/08/20190901082600_00160.jpg,datasets_flow/dataset_cropped/09_Metas/01/08/20190901082600_00160.jpg,291.6,634.6,72.8,25.1,960
9/1/2019 8:27,datasets/dataset_cropped/09_Metas/01/08/20190901082700_00160.jpg,datasets_flow/dataset_cropped/09_Metas/01/08/20190901082700_00160.jpg,295.6,638.8,73.5,25.2,960
9/1/2019 8:28,datasets/dataset_cropped/09_Metas/01/08/20190901082800_00160.jpg,datasets_flow/dataset_cropped/09_Metas/01/08/20190901082800_00160.jpg,298.8,641.8,73.5,25.2,960
9/1/2019 8:29,datasets/dataset_cropped/09_Metas/01/08/20190901082900_00160.jpg,datasets_flow/dataset_cropped/09_Metas/01/08/20190901082900_00160.jpg,302.1,644.6,73.7,25.3,960
9/1/2019 8:30,datasets/dataset_cropped/09_Metas/01/08/20190901083000_00160.jpg,datasets_flow/dataset_cropped/09_Metas/01/08/20190901083000_00160.jpg,305.7,648.3,74.1,25.4,960
9/1/2019 8:31,datasets/dataset_cropped/09_Metas/01/08/20190901083100_00160.jpg,datasets_flow/dataset_cropped/09_Metas/01/08/20190901083100_00160.jpg,309.2,651,74.5,25.5,960
9/1/2019 8:32,datasets/dataset_cropped/09_Metas/01/08/20190901083200_00160.jpg,datasets_flow/dataset_cropped/09_Metas/01/08/20190901083200_00160.jpg,312.8,653.5,75,25.5,960
9/1/2019 8:33,datasets/dataset_cropped/09_Metas/01/08/20190901083300_00160.jpg,datasets_flow/dataset_cropped/09_Metas/01/08/20190901083300_00160.jpg,316.2,656.4,75.2,25.6,960
9/1/2019 8:34,datasets/dataset_cropped/09_Metas/01/08/20190901083400_00160.jpg,datasets_flow/dataset_cropped/09_Metas/01/08/20190901083400_00160.jpg,319.5,659.1,75.4,25.7,960
9/1/2019 8:35,datasets/dataset_cropped/09_Metas/01/08/20190901083500_00160.jpg,datasets_flow/dataset_cropped/09_Metas/01/08/20190901083500_00160.jpg,322.7,661.4,75.6,25.8,960
9/1/2019 8:36,datasets/dataset_cropped/09_Metas/01/08/20190901083600_00160.jpg,datasets_flow/dataset_cropped/09_Metas/01/08/20190901083600_00160.jpg,325.8,663.7,75.8,25.9,960
9/1/2019 8:37,datasets/dataset_cropped/09_Metas/01/08/20190901083700_00160.jpg,datasets_flow/dataset_cropped/09_Metas/01/08/20190901083700_00160.jpg,329,666.3,75.8,25.9,960
9/1/2019 8:38,datasets/dataset_cropped/09_Metas/01/08/20190901083800_00160.jpg,datasets_flow/dataset_cropped/09_Metas/01/08/20190901083800_00160.jpg,332.6,669.1,76,26,960
9/1/2019 8:39,datasets/dataset_cropped/09_Metas/01/08/20190901083900_00160.jpg,datasets_flow/dataset_cropped/09_Metas/01/08/20190901083900_00160.jpg,336.3,672.3,76.3,25.9,960
9/1/2019 8:40,datasets/dataset_cropped/09_Metas/01/08/20190901084000_00160.jpg,datasets_flow/dataset_cropped/09_Metas/01/08/20190901084000_00160.jpg,339.8,675.2,76.6,25.7,960
9/1/2019 8:41,datasets/dataset_cropped/09_Metas/01/08/20190901084100_00160.jpg,datasets_flow/dataset_cropped/09_Metas/01/08/20190901084100_00160.jpg,343.4,678,76.8,25.6,960
9/1/2019 8:42,datasets/dataset_cropped/09_Metas/01/08/20190901084200_00160.jpg,datasets_flow/dataset_cropped/09_Metas/01/08/20190901084200_00160.jpg,347.1,681,77.2,25.7,960
9/1/2019 8:43,datasets/dataset_cropped/09_Metas/01/08/20190901084300_00160.jpg,datasets_flow/dataset_cropped/09_Metas/01/08/20190901084300_00160.jpg,350.8,683.7,77.6,25.8,960
9/1/2019 8:44,datasets/dataset_cropped/09_Metas/01/08/20190901084400_00160.jpg,datasets_flow/dataset_cropped/09_Metas/01/08/20190901084400_00160.jpg,353.8,685.8,77.9,25.9,960
9/1/2019 8:45,datasets/dataset_cropped/09_Metas/01/08/20190901084500_00160.jpg,datasets_flow/dataset_cropped/09_Metas/01/08/20190901084500_00160.jpg,357,687.5,78.2,25.9,960
9/1/2019 8:46,datasets/dataset_cropped/09_Metas/01/08/20190901084600_00160.jpg,datasets_flow/dataset_cropped/09_Metas/01/08/20190901084600_00160.jpg,360.3,689.2,78.5,25.9,960
9/1/2019 8:47,datasets/dataset_cropped/09_Metas/01/08/20190901084700_00160.jpg,datasets_flow/dataset_cropped/09_Metas/01/08/20190901084700_00160.jpg,363.6,691.4,78.8,25.9,960
9/1/2019 8:48,datasets/dataset_cropped/09_Metas/01/08/20190901084800_00160.jpg,datasets_flow/dataset_cropped/09_Metas/01/08/20190901084800_00160.jpg,367,693.3,79.1,26.1,960
9/1/2019 8:49,datasets/dataset_cropped/09_Metas/01/08/20190901084900_00160.jpg,datasets_flow/dataset_cropped/09_Metas/01/08/20190901084900_00160.jpg,370.3,695.2,79.4,26.2,960
9/1/2019 8:50,datasets/dataset_cropped/09_Metas/01/08/20190901085000_00160.jpg,datasets_flow/dataset_cropped/09_Metas/01/08/20190901085000_00160.jpg,373.5,696.8,79.6,26.3,960
9/1/2019 8:51,datasets/dataset_cropped/09_Metas/01/08/20190901085100_00160.jpg,datasets_flow/dataset_cropped/09_Metas/01/08/20190901085100_00160.jpg,377,698.7,80,26.3,960
9/1/2019 8:52,datasets/dataset_cropped/09_Metas/01/08/20190901085200_00160.jpg,datasets_flow/dataset_cropped/09_Metas/01/08/20190901085200_00160.jpg,380.4,700.8,80.4,26.3,960
9/1/2019 8:53,datasets/dataset_cropped/09_Metas/01/08/20190901085300_00160.jpg,datasets_flow/dataset_cropped/09_Metas/01/08/20190901085300_00160.jpg,384,702.8,81,26.4,960
9/1/2019 8:54,datasets/dataset_cropped/09_Metas/01/08/20190901085400_00160.jpg,datasets_flow/dataset_cropped/09_Metas/01/08/20190901085400_00160.jpg,387.2,704.7,81.1,26.3,960
9/1/2019 8:55,datasets/dataset_cropped/09_Metas/01/08/20190901085500_00160.jpg,datasets_flow/dataset_cropped/09_Metas/01/08/20190901085500_00160.jpg,390.6,707.1,81.5,26.1,960
9/1/2019 8:56,datasets/dataset_cropped/09_Metas/01/08/20190901085600_00160.jpg,datasets_flow/dataset_cropped/09_Metas/01/08/20190901085600_00160.jpg,394.2,709.2,81.8,26,960
9/1/2019 8:57,datasets/dataset_cropped/09_Metas/01/08/20190901085700_00160.jpg,datasets_flow/dataset_cropped/09_Metas/01/08/20190901085700_00160.jpg,397.3,710.9,81.8,26,960
9/1/2019 8:58,datasets/dataset_cropped/09_Metas/01/08/20190901085800_00160.jpg,datasets_flow/dataset_cropped/09_Metas/01/08/20190901085800_00160.jpg,400.9,713.1,82.3,26.3,960
9/1/2019 8:59,datasets/dataset_cropped/09_Metas/01/08/20190901085900_00160.jpg,datasets_flow/dataset_cropped/09_Metas/01/08/20190901085900_00160.jpg,404.3,715.5,82.5,26.4,960
9/1/2019 9:00,datasets/dataset_cropped/09_Metas/01/09/20190901090000_00160.jpg,datasets_flow/dataset_cropped/09_Metas/01/09/20190901090000_00160.jpg,408,718.3,82.8,26.2,960
9/1/2019 9:01,datasets/dataset_cropped/09_Metas/01/09/20190901090100_00160.jpg,datasets_flow/dataset_cropped/09_Metas/01/09/20190901090100_00160.jpg,411.4,720.6,82.9,26.4,960
9/1/2019 9:02,datasets/dataset_cropped/09_Metas/01/09/20190901090200_00160.jpg,datasets_flow/dataset_cropped/09_Metas/01/09/20190901090200_00160.jpg,415.2,723.4,83.3,26.6,960
9/1/2019 9:03,datasets/dataset_cropped/09_Metas/01/09/20190901090300_00160.jpg,datasets_flow/dataset_cropped/09_Metas/01/09/20190901090300_00160.jpg,419,726.2,83.8,26.8,960
9/1/2019 9:04,datasets/dataset_cropped/09_Metas/01/09/20190901090400_00160.jpg,datasets_flow/dataset_cropped/09_Metas/01/09/20190901090400_00160.jpg,422.3,728.4,83.9,26.8,960
9/1/2019 9:05,datasets/dataset_cropped/09_Metas/01/09/20190901090500_00160.jpg,datasets_flow/dataset_cropped/09_Metas/01/09/20190901090500_00160.jpg,425.6,730.5,83.8,26.9,960
9/1/2019 9:06,datasets/dataset_cropped/09_Metas/01/09/20190901090600_00160.jpg,datasets_flow/dataset_cropped/09_Metas/01/09/20190901090600_00160.jpg,428.9,732.3,84.1,26.9,960
9/1/2019 9:07,datasets/dataset_cropped/09_Metas/01/09/20190901090700_00160.jpg,datasets_flow/dataset_cropped/09_Metas/01/09/20190901090700_00160.jpg,432,733.5,84.3,26.9,960
9/1/2019 9:08,datasets/dataset_cropped/09_Metas/01/09/20190901090800_00160.jpg,datasets_flow/dataset_cropped/09_Metas/01/09/20190901090800_00160.jpg,435.4,735.3,84.8,26.8,960
9/1/2019 9:09,datasets/dataset_cropped/09_Metas/01/09/20190901090900_00160.jpg,datasets_flow/dataset_cropped/09_Metas/01/09/20190901090900_00160.jpg,438.6,737.2,85.1,26.8,960
9/1/2019 9:10,datasets/dataset_cropped/09_Metas/01/09/20190901091000_00160.jpg,datasets_flow/dataset_cropped/09_Metas/01/09/20190901091000_00160.jpg,441.8,739.1,85.2,26.9,960
9/1/2019 9:11,datasets/dataset_cropped/09_Metas/01/09/20190901091100_00160.jpg,datasets_flow/dataset_cropped/09_Metas/01/09/20190901091100_00160.jpg,445.1,741.3,85.5,27.2,960
9/1/2019 9:12,datasets/dataset_cropped/09_Metas/01/09/20190901091200_00160.jpg,datasets_flow/dataset_cropped/09_Metas/01/09/20190901091200_00160.jpg,448.3,743.1,85.7,27.3,960
9/1/2019 9:13,datasets/dataset_cropped/09_Metas/01/09/20190901091300_00160.jpg,datasets_flow/dataset_cropped/09_Metas/01/09/20190901091300_00160.jpg,451.6,744.8,86.1,27.3,960
9/1/2019 9:14,datasets/dataset_cropped/09_Metas/01/09/20190901091400_00160.jpg,datasets_flow/dataset_cropped/09_Metas/01/09/20190901091400_00160.jpg,455.2,746.5,86.6,27.5,960
9/1/2019 9:15,datasets/dataset_cropped/09_Metas/01/09/20190901091500_00160.jpg,datasets_flow/dataset_cropped/09_Metas/01/09/20190901091500_00160.jpg,458.5,748.5,86.9,27.5,960
9/1/2019 9:16,datasets/dataset_cropped/09_Metas/01/09/20190901091600_00160.jpg,datasets_flow/dataset_cropped/09_Metas/01/09/20190901091600_00160.jpg,461.5,749.7,87.1,27.4,960
9/1/2019 9:17,datasets/dataset_cropped/09_Metas/01/09/20190901091700_00160.jpg,datasets_flow/dataset_cropped/09_Metas/01/09/20190901091700_00160.jpg,464.8,750.9,87.2,27.5,960
9/1/2019 9:18,datasets/dataset_cropped/09_Metas/01/09/20190901091800_00160.jpg,datasets_flow/dataset_cropped/09_Metas/01/09/20190901091800_00160.jpg,467.8,752,87.3,27.8,960
9/1/2019 9:19,datasets/dataset_cropped/09_Metas/01/09/20190901091900_00160.jpg,datasets_flow/dataset_cropped/09_Metas/01/09/20190901091900_00160.jpg,471.4,754.4,87.4,28,960
9/1/2019 9:20,datasets/dataset_cropped/09_Metas/01/09/20190901092000_00160.jpg,datasets_flow/dataset_cropped/09_Metas/01/09/20190901092000_00160.jpg,474.3,755.6,87.5,27.9,960
9/1/2019 9:21,datasets/dataset_cropped/09_Metas/01/09/20190901092100_00160.jpg,datasets_flow/dataset_cropped/09_Metas/01/09/20190901092100_00160.jpg,477.8,757.8,88,28,960
9/1/2019 9:22,datasets/dataset_cropped/09_Metas/01/09/20190901092200_00160.jpg,datasets_flow/dataset_cropped/09_Metas/01/09/20190901092200_00160.jpg,481.1,759.6,88.8,28.1,960
9/1/2019 9:23,datasets/dataset_cropped/09_Metas/01/09/20190901092300_00160.jpg,datasets_flow/dataset_cropped/09_Metas/01/09/20190901092300_00160.jpg,484.7,761.9,89.1,28.3,960
9/1/2019 9:24,datasets/dataset_cropped/09_Metas/01/09/20190901092400_00160.jpg,datasets_flow/dataset_cropped/09_Metas/01/09/20190901092400_00160.jpg,488.2,764.2,89.5,28.4,960
9/1/2019 9:25,datasets/dataset_cropped/09_Metas/01/09/20190901092500_00160.jpg,datasets_flow/dataset_cropped/09_Metas/01/09/20190901092500_00160.jpg,491.4,766,89.5,28.4,960
9/1/2019 9:26,datasets/dataset_cropped/09_Metas/01/09/20190901092600_00160.jpg,datasets_flow/dataset_cropped/09_Metas/01/09/20190901092600_00160.jpg,494.2,766.9,89.6,28.1,960
9/1/2019 9:27,datasets/dataset_cropped/09_Metas/01/09/20190901092700_00160.jpg,datasets_flow/dataset_cropped/09_Metas/01/09/20190901092700_00160.jpg,497.6,769.2,89.4,28.1,960
9/1/2019 9:28,datasets/dataset_cropped/09_Metas/01/09/20190901092800_00160.jpg,datasets_flow/dataset_cropped/09_Metas/01/09/20190901092800_00160.jpg,500.5,769.4,89.7,28.1,960
9/1/2019 9:29,datasets/dataset_cropped/09_Metas/01/09/20190901092900_00160.jpg,datasets_flow/dataset_cropped/09_Metas/01/09/20190901092900_00160.jpg,503.4,770.4,89.8,28.2,960
9/1/2019 9:30,datasets/dataset_cropped/09_Metas/01/09/20190901093000_00160.jpg,datasets_flow/dataset_cropped/09_Metas/01/09/20190901093000_00160.jpg,507.2,773.1,89.9,28.6,960
9/1/2019 9:31,datasets/dataset_cropped/09_Metas/01/09/20190901093100_00160.jpg,datasets_flow/dataset_cropped/09_Metas/01/09/20190901093100_00160.jpg,510.8,775.3,90.2,28.6,960
9/1/2019 9:32,datasets/dataset_cropped/09_Metas/01/09/20190901093200_00160.jpg,datasets_flow/dataset_cropped/09_Metas/01/09/20190901093200_00160.jpg,513.8,777.1,90.3,28.6,960
9/1/2019 9:33,datasets/dataset_cropped/09_Metas/01/09/20190901093300_00160.jpg,datasets_flow/dataset_cropped/09_Metas/01/09/20190901093300_00160.jpg,516.9,778.5,90.3,28.7,960
9/1/2019 9:34,datasets/dataset_cropped/09_Metas/01/09/20190901093400_00160.jpg,datasets_flow/dataset_cropped/09_Metas/01/09/20190901093400_00160.jpg,520.2,780,90.5,28.9,960
9/1/2019 9:35,datasets/dataset_cropped/09_Metas/01/09/20190901093500_00160.jpg,datasets_flow/dataset_cropped/09_Metas/01/09/20190901093500_00160.jpg,523.3,781.2,90.6,29.1,960
9/1/2019 9:36,datasets/dataset_cropped/09_Metas/01/09/20190901093600_00160.jpg,datasets_flow/dataset_cropped/09_Metas/01/09/20190901093600_00160.jpg,526,781.5,91.1,29.2,960
9/1/2019 9:37,datasets/dataset_cropped/09_Metas/01/09/20190901093700_00160.jpg,datasets_flow/dataset_cropped/09_Metas/01/09/20190901093700_00160.jpg,529.2,783,91.2,29.4,960
9/1/2019 9:38,datasets/dataset_cropped/09_Metas/01/09/20190901093800_00160.jpg,datasets_flow/dataset_cropped/09_Metas/01/09/20190901093800_00160.jpg,532.6,784.5,91.6,29.3,960
9/1/2019 9:39,datasets/dataset_cropped/09_Metas/01/09/20190901093900_00160.jpg,datasets_flow/dataset_cropped/09_Metas/01/09/20190901093900_00160.jpg,535.3,785.4,91.7,29.3,960
9/1/2019 9:40,datasets/dataset_cropped/09_Metas/01/09/20190901094000_00160.jpg,datasets_flow/dataset_cropped/09_Metas/01/09/20190901094000_00160.jpg,538.5,786.5,92,29.4,960
9/1/2019 9:41,datasets/dataset_cropped/09_Metas/01/09/20190901094100_00160.jpg,datasets_flow/dataset_cropped/09_Metas/01/09/20190901094100_00160.jpg,541.8,788.1,92.5,29.4,960
9/1/2019 9:42,datasets/dataset_cropped/09_Metas/01/09/20190901094200_00160.jpg,datasets_flow/dataset_cropped/09_Metas/01/09/20190901094200_00160.jpg,545,789.8,92.6,29.2,960
9/1/2019 9:43,datasets/dataset_cropped/09_Metas/01/09/20190901094300_00160.jpg,datasets_flow/dataset_cropped/09_Metas/01/09/20190901094300_00160.jpg,547.8,790.8,92.5,29.2,960
9/1/2019 9:44,datasets/dataset_cropped/09_Metas/01/09/20190901094400_00160.jpg,datasets_flow/dataset_cropped/09_Metas/01/09/20190901094400_00160.jpg,550.9,792.1,92.7,28.9,960
9/1/2019 9:45,datasets/dataset_cropped/09_Metas/01/09/20190901094500_00160.jpg,datasets_flow/dataset_cropped/09_Metas/01/09/20190901094500_00160.jpg,554.3,794.1,92.7,28.7,960
9/1/2019 9:46,datasets/dataset_cropped/09_Metas/01/09/20190901094600_00160.jpg,datasets_flow/dataset_cropped/09_Metas/01/09/20190901094600_00160.jpg,557.5,795.4,92.9,28.7,960
9/1/2019 9:47,datasets/dataset_cropped/09_Metas/01/09/20190901094700_00160.jpg,datasets_flow/dataset_cropped/09_Metas/01/09/20190901094700_00160.jpg,560.6,796.7,92.9,28.7,960
9/1/2019 9:48,datasets/dataset_cropped/09_Metas/01/09/20190901094800_00160.jpg,datasets_flow/dataset_cropped/09_Metas/01/09/20190901094800_00160.jpg,564.2,798.2,93.2,28.8,960
9/1/2019 9:49,datasets/dataset_cropped/09_Metas/01/09/20190901094900_00160.jpg,datasets_flow/dataset_cropped/09_Metas/01/09/20190901094900_00160.jpg,567.5,799.8,93.5,28.9,960
9/1/2019 9:50,datasets/dataset_cropped/09_Metas/01/09/20190901095000_00160.jpg,datasets_flow/dataset_cropped/09_Metas/01/09/20190901095000_00160.jpg,570.8,802,94,29,960
9/1/2019 9:51,datasets/dataset_cropped/09_Metas/01/09/20190901095100_00160.jpg,datasets_flow/dataset_cropped/09_Metas/01/09/20190901095100_00160.jpg,573.9,803,94.6,29.1,960
9/1/2019 9:52,datasets/dataset_cropped/09_Metas/01/09/20190901095200_00160.jpg,datasets_flow/dataset_cropped/09_Metas/01/09/20190901095200_00160.jpg,577,805,94.1,29,960
9/1/2019 9:53,datasets/dataset_cropped/09_Metas/01/09/20190901095300_00160.jpg,datasets_flow/dataset_cropped/09_Metas/01/09/20190901095300_00160.jpg,579.7,806,94.1,28.9,960
9/1/2019 9:54,datasets/dataset_cropped/09_Metas/01/09/20190901095400_00160.jpg,datasets_flow/dataset_cropped/09_Metas/01/09/20190901095400_00160.jpg,582.9,808,94.4,29,960
9/1/2019 9:55,datasets/dataset_cropped/09_Metas/01/09/20190901095500_00160.jpg,datasets_flow/dataset_cropped/09_Metas/01/09/20190901095500_00160.jpg,586.3,810,94.9,29.3,960
9/1/2019 9:56,datasets/dataset_cropped/09_Metas/01/09/20190901095600_00160.jpg,datasets_flow/dataset_cropped/09_Metas/01/09/20190901095600_00160.jpg,589,811,94.6,29.6,960
9/1/2019 9:57,datasets/dataset_cropped/09_Metas/01/09/20190901095700_00160.jpg,datasets_flow/dataset_cropped/09_Metas/01/09/20190901095700_00160.jpg,591.8,811,94.9,29.7,960
9/1/2019 9:58,datasets/dataset_cropped/09_Metas/01/09/20190901095800_00160.jpg,datasets_flow/dataset_cropped/09_Metas/01/09/20190901095800_00160.jpg,594.4,812,95.1,29.8,960
9/1/2019 9:59,datasets/dataset_cropped/09_Metas/01/09/20190901095900_00160.jpg,datasets_flow/dataset_cropped/09_Metas/01/09/20190901095900_00160.jpg,597.7,813,95.4,29.7,960
9/1/2019 10:00,datasets/dataset_cropped/09_Metas/01/10/20190901100000_00160.jpg,datasets_flow/dataset_cropped/09_Metas/01/10/20190901100000_00160.jpg,600.7,815,95.5,29.7,960
9/1/2019 10:01,datasets/dataset_cropped/09_Metas/01/10/20190901100100_00160.jpg,datasets_flow/dataset_cropped/09_Metas/01/10/20190901100100_00160.jpg,603.7,816,95.6,29.6,960
9/1/2019 10:02,datasets/dataset_cropped/09_Metas/01/10/20190901100200_00160.jpg,datasets_flow/dataset_cropped/09_Metas/01/10/20190901100200_00160.jpg,606.7,817,96.2,29.6,960
9/1/2019 10:03,datasets/dataset_cropped/09_Metas/01/10/20190901100300_00160.jpg,datasets_flow/dataset_cropped/09_Metas/01/10/20190901100300_00160.jpg,609.3,817,96.7,29.5,960
9/1/2019 10:04,datasets/dataset_cropped/09_Metas/01/10/20190901100400_00160.jpg,datasets_flow/dataset_cropped/09_Metas/01/10/20190901100400_00160.jpg,611.7,817,97,29.7,960
9/1/2019 10:05,datasets/dataset_cropped/09_Metas/01/10/20190901100500_00160.jpg,datasets_flow/dataset_cropped/09_Metas/01/10/20190901100500_00160.jpg,614.2,818,97.1,30,960
9/1/2019 10:06,datasets/dataset_cropped/09_Metas/01/10/20190901100600_00160.jpg,datasets_flow/dataset_cropped/09_Metas/01/10/20190901100600_00160.jpg,616.6,818,97.2,29.9,960
9/1/2019 10:07,datasets/dataset_cropped/09_Metas/01/10/20190901100700_00160.jpg,datasets_flow/dataset_cropped/09_Metas/01/10/20190901100700_00160.jpg,619.6,819,96.9,29.7,960
9/1/2019 10:08,datasets/dataset_cropped/09_Metas/01/10/20190901100800_00160.jpg,datasets_flow/dataset_cropped/09_Metas/01/10/20190901100800_00160.jpg,622.7,820,97.1,29.4,960
9/1/2019 10:09,datasets/dataset_cropped/09_Metas/01/10/20190901100900_00160.jpg,datasets_flow/dataset_cropped/09_Metas/01/10/20190901100900_00160.jpg,625.7,822,97.2,29.5,960
9/1/2019 10:10,datasets/dataset_cropped/09_Metas/01/10/20190901101000_00160.jpg,datasets_flow/dataset_cropped/09_Metas/01/10/20190901101000_00160.jpg,629,823,97.3,29.6,960
9/1/2019 10:11,datasets/dataset_cropped/09_Metas/01/10/20190901101100_00160.jpg,datasets_flow/dataset_cropped/09_Metas/01/10/20190901101100_00160.jpg,631.9,824,97.3,29.3,960
9/1/2019 10:12,datasets/dataset_cropped/09_Metas/01/10/20190901101200_00160.jpg,datasets_flow/dataset_cropped/09_Metas/01/10/20190901101200_00160.jpg,634.9,825,97.8,29.4,960
9/1/2019 10:13,datasets/dataset_cropped/09_Metas/01/10/20190901101300_00160.jpg,datasets_flow/dataset_cropped/09_Metas/01/10/20190901101300_00160.jpg,637.6,827,97.9,29.8,960
9/1/2019 10:14,datasets/dataset_cropped/09_Metas/01/10/20190901101400_00160.jpg,datasets_flow/dataset_cropped/09_Metas/01/10/20190901101400_00160.jpg,640.4,828,97.9,29.9,960
9/1/2019 10:15,datasets/dataset_cropped/09_Metas/01/10/20190901101500_00160.jpg,datasets_flow/dataset_cropped/09_Metas/01/10/20190901101500_00160.jpg,643.3,829,98.1,29.9,960
9/1/2019 10:16,datasets/dataset_cropped/09_Metas/01/10/20190901101600_00160.jpg,datasets_flow/dataset_cropped/09_Metas/01/10/20190901101600_00160.jpg,646.1,829,98.6,29.9,960
9/1/2019 10:17,datasets/dataset_cropped/09_Metas/01/10/20190901101700_00160.jpg,datasets_flow/dataset_cropped/09_Metas/01/10/20190901101700_00160.jpg,648.6,828,99.4,30.1,960
9/1/2019 10:18,datasets/dataset_cropped/09_Metas/01/10/20190901101800_00160.jpg,datasets_flow/dataset_cropped/09_Metas/01/10/20190901101800_00160.jpg,650.9,829,99.5,30,960
9/1/2019 10:19,datasets/dataset_cropped/09_Metas/01/10/20190901101900_00160.jpg,datasets_flow/dataset_cropped/09_Metas/01/10/20190901101900_00160.jpg,654.2,830,100.1,30.1,960
9/1/2019 10:20,datasets/dataset_cropped/09_Metas/01/10/20190901102000_00160.jpg,datasets_flow/dataset_cropped/09_Metas/01/10/20190901102000_00160.jpg,657.5,831,100.6,30.2,960
9/1/2019 10:21,datasets/dataset_cropped/09_Metas/01/10/20190901102100_00160.jpg,datasets_flow/dataset_cropped/09_Metas/01/10/20190901102100_00160.jpg,659.5,831,101.4,30,960
9/1/2019 10:22,datasets/dataset_cropped/09_Metas/01/10/20190901102200_00160.jpg,datasets_flow/dataset_cropped/09_Metas/01/10/20190901102200_00160.jpg,661.2,831,101.7,29.9,960
9/1/2019 10:23,datasets/dataset_cropped/09_Metas/01/10/20190901102300_00160.jpg,datasets_flow/dataset_cropped/09_Metas/01/10/20190901102300_00160.jpg,664.1,833,101.3,29.8,960
9/1/2019 10:24,datasets/dataset_cropped/09_Metas/01/10/20190901102400_00160.jpg,datasets_flow/dataset_cropped/09_Metas/01/10/20190901102400_00160.jpg,667,835,100.5,30.1,960
9/1/2019 10:25,datasets/dataset_cropped/09_Metas/01/10/20190901102500_00160.jpg,datasets_flow/dataset_cropped/09_Metas/01/10/20190901102500_00160.jpg,669.7,837,100.1,30.3,960
9/1/2019 10:26,datasets/dataset_cropped/09_Metas/01/10/20190901102600_00160.jpg,datasets_flow/dataset_cropped/09_Metas/01/10/20190901102600_00160.jpg,673.1,839,100.1,30.6,960
9/1/2019 10:27,datasets/dataset_cropped/09_Metas/01/10/20190901102700_00160.jpg,datasets_flow/dataset_cropped/09_Metas/01/10/20190901102700_00160.jpg,676,840,100,30.9,960
9/1/2019 10:28,datasets/dataset_cropped/09_Metas/01/10/20190901102800_00160.jpg,datasets_flow/dataset_cropped/09_Metas/01/10/20190901102800_00160.jpg,678.6,841,99.7,30.7,960
9/1/2019 10:29,datasets/dataset_cropped/09_Metas/01/10/20190901102900_00160.jpg,datasets_flow/dataset_cropped/09_Metas/01/10/20190901102900_00160.jpg,681.1,842,99.6,30.3,960
9/1/2019 10:30,datasets/dataset_cropped/09_Metas/01/10/20190901103000_00160.jpg,datasets_flow/dataset_cropped/09_Metas/01/10/20190901103000_00160.jpg,683.7,843,99.4,30.1,960
9/1/2019 10:31,datasets/dataset_cropped/09_Metas/01/10/20190901103100_00160.jpg,datasets_flow/dataset_cropped/09_Metas/01/10/20190901103100_00160.jpg,686.4,844,99.6,30,960
9/1/2019 10:32,datasets/dataset_cropped/09_Metas/01/10/20190901103200_00160.jpg,datasets_flow/dataset_cropped/09_Metas/01/10/20190901103200_00160.jpg,688.5,843,99.9,30,960
9/1/2019 10:33,datasets/dataset_cropped/09_Metas/01/10/20190901103300_00160.jpg,datasets_flow/dataset_cropped/09_Metas/01/10/20190901103300_00160.jpg,690.6,843,100.3,29.9,960
9/1/2019 10:34,datasets/dataset_cropped/09_Metas/01/10/20190901103400_00160.jpg,datasets_flow/dataset_cropped/09_Metas/01/10/20190901103400_00160.jpg,693,844,100.6,29.9,960
9/1/2019 10:35,datasets/dataset_cropped/09_Metas/01/10/20190901103500_00160.jpg,datasets_flow/dataset_cropped/09_Metas/01/10/20190901103500_00160.jpg,695.7,845,100.8,30.1,960
9/1/2019 10:36,datasets/dataset_cropped/09_Metas/01/10/20190901103600_00160.jpg,datasets_flow/dataset_cropped/09_Metas/01/10/20190901103600_00160.jpg,698.4,847,101.1,30.4,960
9/1/2019 10:37,datasets/dataset_cropped/09_Metas/01/10/20190901103700_00160.jpg,datasets_flow/dataset_cropped/09_Metas/01/10/20190901103700_00160.jpg,700.8,847,101.4,30.3,960
9/1/2019 10:38,datasets/dataset_cropped/09_Metas/01/10/20190901103800_00160.jpg,datasets_flow/dataset_cropped/09_Metas/01/10/20190901103800_00160.jpg,703,847,101.8,30.2,960
9/1/2019 10:39,datasets/dataset_cropped/09_Metas/01/10/20190901103900_00160.jpg,datasets_flow/dataset_cropped/09_Metas/01/10/20190901103900_00160.jpg,706.2,849,101.7,30.2,960
9/1/2019 10:40,datasets/dataset_cropped/09_Metas/01/10/20190901104000_00160.jpg,datasets_flow/dataset_cropped/09_Metas/01/10/20190901104000_00160.jpg,708.8,851,101.2,30,960
9/1/2019 10:41,datasets/dataset_cropped/09_Metas/01/10/20190901104100_00160.jpg,datasets_flow/dataset_cropped/09_Metas/01/10/20190901104100_00160.jpg,711.6,852,101.3,30.1,960
9/1/2019 10:42,datasets/dataset_cropped/09_Metas/01/10/20190901104200_00160.jpg,datasets_flow/dataset_cropped/09_Metas/01/10/20190901104200_00160.jpg,714.1,853,101.3,30.4,960
9/1/2019 10:43,datasets/dataset_cropped/09_Metas/01/10/20190901104300_00160.jpg,datasets_flow/dataset_cropped/09_Metas/01/10/20190901104300_00160.jpg,716.7,854,101.2,30.4,960
9/1/2019 10:44,datasets/dataset_cropped/09_Metas/01/10/20190901104400_00160.jpg,datasets_flow/dataset_cropped/09_Metas/01/10/20190901104400_00160.jpg,719.3,855,101.5,30.6,960
9/1/2019 10:45,datasets/dataset_cropped/09_Metas/01/10/20190901104500_00160.jpg,datasets_flow/dataset_cropped/09_Metas/01/10/20190901104500_00160.jpg,722.2,857,101.8,30.4,960
9/1/2019 10:46,datasets/dataset_cropped/09_Metas/01/10/20190901104600_00160.jpg,datasets_flow/dataset_cropped/09_Metas/01/10/20190901104600_00160.jpg,725.1,858,101.7,30.5,960
9/1/2019 10:47,datasets/dataset_cropped/09_Metas/01/10/20190901104700_00160.jpg,datasets_flow/dataset_cropped/09_Metas/01/10/20190901104700_00160.jpg,727.2,858,101.4,30.4,960
9/1/2019 10:48,datasets/dataset_cropped/09_Metas/01/10/20190901104800_00160.jpg,datasets_flow/dataset_cropped/09_Metas/01/10/20190901104800_00160.jpg,729.8,860,101.4,30.2,960
9/1/2019 10:49,datasets/dataset_cropped/09_Metas/01/10/20190901104900_00160.jpg,datasets_flow/dataset_cropped/09_Metas/01/10/20190901104900_00160.jpg,731.9,860,101.6,30.1,960
9/1/2019 10:50,datasets/dataset_cropped/09_Metas/01/10/20190901105000_00160.jpg,datasets_flow/dataset_cropped/09_Metas/01/10/20190901105000_00160.jpg,734.5,861,102,30.2,960
9/1/2019 10:51,datasets/dataset_cropped/09_Metas/01/10/20190901105100_00160.jpg,datasets_flow/dataset_cropped/09_Metas/01/10/20190901105100_00160.jpg,737.6,863,102.6,30.5,960
9/1/2019 10:52,datasets/dataset_cropped/09_Metas/01/10/20190901105200_00160.jpg,datasets_flow/dataset_cropped/09_Metas/01/10/20190901105200_00160.jpg,740.1,864,103,30.6,960
9/1/2019 10:53,datasets/dataset_cropped/09_Metas/01/10/20190901105300_00160.jpg,datasets_flow/dataset_cropped/09_Metas/01/10/20190901105300_00160.jpg,742,864,103.4,30.4,960
9/1/2019 10:54,datasets/dataset_cropped/09_Metas/01/10/20190901105400_00160.jpg,datasets_flow/dataset_cropped/09_Metas/01/10/20190901105400_00160.jpg,743.6,863,103.3,30.4,960
9/1/2019 10:55,datasets/dataset_cropped/09_Metas/01/10/20190901105500_00160.jpg,datasets_flow/dataset_cropped/09_Metas/01/10/20190901105500_00160.jpg,745.9,864,103.6,30.7,960
9/1/2019 10:56,datasets/dataset_cropped/09_Metas/01/10/20190901105600_00160.jpg,datasets_flow/dataset_cropped/09_Metas/01/10/20190901105600_00160.jpg,748.2,864,104,30.8,960
9/1/2019 10:57,datasets/dataset_cropped/09_Metas/01/10/20190901105700_00160.jpg,datasets_flow/dataset_cropped/09_Metas/01/10/20190901105700_00160.jpg,750.2,864,104.6,30.7,960
9/1/2019 10:58,datasets/dataset_cropped/09_Metas/01/10/20190901105800_00160.jpg,datasets_flow/dataset_cropped/09_Metas/01/10/20190901105800_00160.jpg,752.6,865,104.7,30.6,960
9/1/2019 10:59,datasets/dataset_cropped/09_Metas/01/10/20190901105900_00160.jpg,datasets_flow/dataset_cropped/09_Metas/01/10/20190901105900_00160.jpg,755.3,866,104.7,30.7,960
9/1/2019 11:00,datasets/dataset_cropped/09_Metas/01/11/20190901110000_00160.jpg,datasets_flow/dataset_cropped/09_Metas/01/11/20190901110000_00160.jpg,757.5,866,105,30.6,960
9/1/2019 11:01,datasets/dataset_cropped/09_Metas/01/11/20190901110100_00160.jpg,datasets_flow/dataset_cropped/09_Metas/01/11/20190901110100_00160.jpg,759.9,867,105.5,30.7,960
9/1/2019 11:02,datasets/dataset_cropped/09_Metas/01/11/20190901110200_00160.jpg,datasets_flow/dataset_cropped/09_Metas/01/11/20190901110200_00160.jpg,762.4,868,105.8,30.8,960
9/1/2019 11:03,datasets/dataset_cropped/09_Metas/01/11/20190901110300_00160.jpg,datasets_flow/dataset_cropped/09_Metas/01/11/20190901110300_00160.jpg,764.5,869,105.4,30.9,960
9/1/2019 11:04,datasets/dataset_cropped/09_Metas/01/11/20190901110400_00160.jpg,datasets_flow/dataset_cropped/09_Metas/01/11/20190901110400_00160.jpg,766.7,869,105.3,31,960
9/1/2019 11:05,datasets/dataset_cropped/09_Metas/01/11/20190901110500_00160.jpg,datasets_flow/dataset_cropped/09_Metas/01/11/20190901110500_00160.jpg,768.3,868,105.9,31.1,960
9/1/2019 11:06,datasets/dataset_cropped/09_Metas/01/11/20190901110600_00160.jpg,datasets_flow/dataset_cropped/09_Metas/01/11/20190901110600_00160.jpg,770.7,869,106,30.9,960
9/1/2019 11:07,datasets/dataset_cropped/09_Metas/01/11/20190901110700_00160.jpg,datasets_flow/dataset_cropped/09_Metas/01/11/20190901110700_00160.jpg,773.2,870,106,30.7,960
9/1/2019 11:08,datasets/dataset_cropped/09_Metas/01/11/20190901110800_00160.jpg,datasets_flow/dataset_cropped/09_Metas/01/11/20190901110800_00160.jpg,775.5,870,106.1,30.7,960
9/1/2019 11:09,datasets/dataset_cropped/09_Metas/01/11/20190901110900_00160.jpg,datasets_flow/dataset_cropped/09_Metas/01/11/20190901110900_00160.jpg,777.8,871,106.1,30.7,960
9/1/2019 11:10,datasets/dataset_cropped/09_Metas/01/11/20190901111000_00160.jpg,datasets_flow/dataset_cropped/09_Metas/01/11/20190901111000_00160.jpg,779.1,870,106.4,30.8,960
9/1/2019 11:11,datasets/dataset_cropped/09_Metas/01/11/20190901111100_00160.jpg,datasets_flow/dataset_cropped/09_Metas/01/11/20190901111100_00160.jpg,779.3,869,106.6,30.9,960
9/1/2019 11:12,datasets/dataset_cropped/09_Metas/01/11/20190901111200_00160.jpg,datasets_flow/dataset_cropped/09_Metas/01/11/20190901111200_00160.jpg,781.5,869,106.9,30.9,960
9/1/2019 11:13,datasets/dataset_cropped/09_Metas/01/11/20190901111300_00160.jpg,datasets_flow/dataset_cropped/09_Metas/01/11/20190901111300_00160.jpg,783.7,870,107.3,31,960
9/1/2019 11:14,datasets/dataset_cropped/09_Metas/01/11/20190901111400_00160.jpg,datasets_flow/dataset_cropped/09_Metas/01/11/20190901111400_00160.jpg,785.8,871,107.7,31.2,960
9/1/2019 11:15,datasets/dataset_cropped/09_Metas/01/11/20190901111500_00160.jpg,datasets_flow/dataset_cropped/09_Metas/01/11/20190901111500_00160.jpg,788.6,873,107.5,31.4,960
9/1/2019 11:16,datasets/dataset_cropped/09_Metas/01/11/20190901111600_00160.jpg,datasets_flow/dataset_cropped/09_Metas/01/11/20190901111600_00160.jpg,789.7,872,107.6,31.4,960
9/1/2019 11:17,datasets/dataset_cropped/09_Metas/01/11/20190901111700_00160.jpg,datasets_flow/dataset_cropped/09_Metas/01/11/20190901111700_00160.jpg,792.2,873,107.6,31.2,960
9/1/2019 11:18,datasets/dataset_cropped/09_Metas/01/11/20190901111800_00160.jpg,datasets_flow/dataset_cropped/09_Metas/01/11/20190901111800_00160.jpg,793.5,872,108,31.4,960
9/1/2019 11:19,datasets/dataset_cropped/09_Metas/01/11/20190901111900_00160.jpg,datasets_flow/dataset_cropped/09_Metas/01/11/20190901111900_00160.jpg,794.2,870,108.5,31.4,959
9/1/2019 11:20,datasets/dataset_cropped/09_Metas/01/11/20190901112000_00160.jpg,datasets_flow/dataset_cropped/09_Metas/01/11/20190901112000_00160.jpg,796,871,108.6,31.4,959
9/1/2019 11:21,datasets/dataset_cropped/09_Metas/01/11/20190901112100_00160.jpg,datasets_flow/dataset_cropped/09_Metas/01/11/20190901112100_00160.jpg,798.3,872,108.7,31.4,960
9/1/2019 11:22,datasets/dataset_cropped/09_Metas/01/11/20190901112200_00160.jpg,datasets_flow/dataset_cropped/09_Metas/01/11/20190901112200_00160.jpg,800,872,109.1,31.3,959
9/1/2019 11:23,datasets/dataset_cropped/09_Metas/01/11/20190901112300_00160.jpg,datasets_flow/dataset_cropped/09_Metas/01/11/20190901112300_00160.jpg,801,872,109.6,31.1,960
9/1/2019 11:24,datasets/dataset_cropped/09_Metas/01/11/20190901112400_00160.jpg,datasets_flow/dataset_cropped/09_Metas/01/11/20190901112400_00160.jpg,804,873,109.2,31.1,960
9/1/2019 11:25,datasets/dataset_cropped/09_Metas/01/11/20190901112500_00160.jpg,datasets_flow/dataset_cropped/09_Metas/01/11/20190901112500_00160.jpg,805,873,109.9,30.9,960
9/1/2019 11:26,datasets/dataset_cropped/09_Metas/01/11/20190901112600_00160.jpg,datasets_flow/dataset_cropped/09_Metas/01/11/20190901112600_00160.jpg,806,873,110.7,30.9,959
9/1/2019 11:27,datasets/dataset_cropped/09_Metas/01/11/20190901112700_00160.jpg,datasets_flow/dataset_cropped/09_Metas/01/11/20190901112700_00160.jpg,809,874,111.1,31,960
9/1/2019 11:28,datasets/dataset_cropped/09_Metas/01/11/20190901112800_00160.jpg,datasets_flow/dataset_cropped/09_Metas/01/11/20190901112800_00160.jpg,811,876,111,31,960
9/1/2019 11:29,datasets/dataset_cropped/09_Metas/01/11/20190901112900_00160.jpg,datasets_flow/dataset_cropped/09_Metas/01/11/20190901112900_00160.jpg,813,876,111,31.1,959
9/1/2019 11:30,datasets/dataset_cropped/09_Metas/01/11/20190901113000_00160.jpg,datasets_flow/dataset_cropped/09_Metas/01/11/20190901113000_00160.jpg,814,875,111.4,31.2,960
9/1/2019 11:31,datasets/dataset_cropped/09_Metas/01/11/20190901113100_00160.jpg,datasets_flow/dataset_cropped/09_Metas/01/11/20190901113100_00160.jpg,817,877,111.4,31.1,960
9/1/2019 11:32,datasets/dataset_cropped/09_Metas/01/11/20190901113200_00160.jpg,datasets_flow/dataset_cropped/09_Metas/01/11/20190901113200_00160.jpg,818,876,111.5,31.2,960
9/1/2019 11:33,datasets/dataset_cropped/09_Metas/01/11/20190901113300_00160.jpg,datasets_flow/dataset_cropped/09_Metas/01/11/20190901113300_00160.jpg,820,877,111.7,31.4,959
9/1/2019 11:34,datasets/dataset_cropped/09_Metas/01/11/20190901113400_00160.jpg,datasets_flow/dataset_cropped/09_Metas/01/11/20190901113400_00160.jpg,823,880,111.8,31.8,960
9/1/2019 11:35,datasets/dataset_cropped/09_Metas/01/11/20190901113500_00160.jpg,datasets_flow/dataset_cropped/09_Metas/01/11/20190901113500_00160.jpg,825,880,112.1,31.7,959
9/1/2019 11:36,datasets/dataset_cropped/09_Metas/01/11/20190901113600_00160.jpg,datasets_flow/dataset_cropped/09_Metas/01/11/20190901113600_00160.jpg,827,880,112.3,31.8,959
9/1/2019 11:37,datasets/dataset_cropped/09_Metas/01/11/20190901113700_00160.jpg,datasets_flow/dataset_cropped/09_Metas/01/11/20190901113700_00160.jpg,829,881,112.6,31.7,960
9/1/2019 11:38,datasets/dataset_cropped/09_Metas/01/11/20190901113800_00160.jpg,datasets_flow/dataset_cropped/09_Metas/01/11/20190901113800_00160.jpg,833,883,113.2,31.9,959
9/1/2019 11:39,datasets/dataset_cropped/09_Metas/01/11/20190901113900_00160.jpg,datasets_flow/dataset_cropped/09_Metas/01/11/20190901113900_00160.jpg,835,884,113.7,31.8,959
9/1/2019 11:40,datasets/dataset_cropped/09_Metas/01/11/20190901114000_00160.jpg,datasets_flow/dataset_cropped/09_Metas/01/11/20190901114000_00160.jpg,836,883,114.7,31.7,960
9/1/2019 11:41,datasets/dataset_cropped/09_Metas/01/11/20190901114100_00160.jpg,datasets_flow/dataset_cropped/09_Metas/01/11/20190901114100_00160.jpg,835,881,115.2,31.4,959
9/1/2019 11:42,datasets/dataset_cropped/09_Metas/01/11/20190901114200_00160.jpg,datasets_flow/dataset_cropped/09_Metas/01/11/20190901114200_00160.jpg,837,882,115.6,31.3,959
9/1/2019 11:43,datasets/dataset_cropped/09_Metas/01/11/20190901114300_00160.jpg,datasets_flow/dataset_cropped/09_Metas/01/11/20190901114300_00160.jpg,838,881,115.8,31.6,960
9/1/2019 11:44,datasets/dataset_cropped/09_Metas/01/11/20190901114400_00160.jpg,datasets_flow/dataset_cropped/09_Metas/01/11/20190901114400_00160.jpg,838,879,115.8,32,959
9/1/2019 11:45,datasets/dataset_cropped/09_Metas/01/11/20190901114500_00160.jpg,datasets_flow/dataset_cropped/09_Metas/01/11/20190901114500_00160.jpg,840,880,115.5,31.7,959
9/1/2019 11:46,datasets/dataset_cropped/09_Metas/01/11/20190901114600_00160.jpg,datasets_flow/dataset_cropped/09_Metas/01/11/20190901114600_00160.jpg,842,881,115.4,31.7,959
9/1/2019 11:47,datasets/dataset_cropped/09_Metas/01/11/20190901114700_00160.jpg,datasets_flow/dataset_cropped/09_Metas/01/11/20190901114700_00160.jpg,845,882,115.9,31.6,959
9/1/2019 11:48,datasets/dataset_cropped/09_Metas/01/11/20190901114800_00160.jpg,datasets_flow/dataset_cropped/09_Metas/01/11/20190901114800_00160.jpg,849,885,116.4,31.5,959
9/1/2019 11:49,datasets/dataset_cropped/09_Metas/01/11/20190901114900_00160.jpg,datasets_flow/dataset_cropped/09_Metas/01/11/20190901114900_00160.jpg,850,883,116.8,31.4,959
9/1/2019 11:50,datasets/dataset_cropped/09_Metas/01/11/20190901115000_00160.jpg,datasets_flow/dataset_cropped/09_Metas/01/11/20190901115000_00160.jpg,851,883,117.7,31.6,959
9/1/2019 11:51,datasets/dataset_cropped/09_Metas/01/11/20190901115100_00160.jpg,datasets_flow/dataset_cropped/09_Metas/01/11/20190901115100_00160.jpg,853,884,118.3,31.9,959
9/1/2019 11:52,datasets/dataset_cropped/09_Metas/01/11/20190901115200_00160.jpg,datasets_flow/dataset_cropped/09_Metas/01/11/20190901115200_00160.jpg,853,883,118.2,31.9,959
9/1/2019 11:53,datasets/dataset_cropped/09_Metas/01/11/20190901115300_00160.jpg,datasets_flow/dataset_cropped/09_Metas/01/11/20190901115300_00160.jpg,855,883,118.8,31.7,959
9/1/2019 11:54,datasets/dataset_cropped/09_Metas/01/11/20190901115400_00160.jpg,datasets_flow/dataset_cropped/09_Metas/01/11/20190901115400_00160.jpg,856,883,119.4,31.8,959
9/1/2019 11:55,datasets/dataset_cropped/09_Metas/01/11/20190901115500_00160.jpg,datasets_flow/dataset_cropped/09_Metas/01/11/20190901115500_00160.jpg,858,884,120.1,31.8,959
9/1/2019 11:56,datasets/dataset_cropped/09_Metas/01/11/20190901115600_00160.jpg,datasets_flow/dataset_cropped/09_Metas/01/11/20190901115600_00160.jpg,861,885,120.8,31.7,959
9/1/2019 11:57,datasets/dataset_cropped/09_Metas/01/11/20190901115700_00160.jpg,datasets_flow/dataset_cropped/09_Metas/01/11/20190901115700_00160.jpg,862,885,121.7,31.8,959
9/1/2019 11:58,datasets/dataset_cropped/09_Metas/01/11/20190901115800_00160.jpg,datasets_flow/dataset_cropped/09_Metas/01/11/20190901115800_00160.jpg,864,885,122,31.7,959
9/1/2019 11:59,datasets/dataset_cropped/09_Metas/01/11/20190901115900_00160.jpg,datasets_flow/dataset_cropped/09_Metas/01/11/20190901115900_00160.jpg,866,886,122,32.1,959
9/1/2019 12:00,datasets/dataset_cropped/09_Metas/01/12/20190901120000_00160.jpg,datasets_flow/dataset_cropped/09_Metas/01/12/20190901120000_00160.jpg,868,887,122.4,32.6,959
9/1/2019 12:01,datasets/dataset_cropped/09_Metas/01/12/20190901120100_00160.jpg,datasets_flow/dataset_cropped/09_Metas/01/12/20190901120100_00160.jpg,869,887,123,32.7,959
9/1/2019 12:02,datasets/dataset_cropped/09_Metas/01/12/20190901120200_00160.jpg,datasets_flow/dataset_cropped/09_Metas/01/12/20190901120200_00160.jpg,871,886,123.6,32.6,959
9/1/2019 12:03,datasets/dataset_cropped/09_Metas/01/12/20190901120300_00160.jpg,datasets_flow/dataset_cropped/09_Metas/01/12/20190901120300_00160.jpg,872,885,124,32.2,959
9/1/2019 12:04,datasets/dataset_cropped/09_Metas/01/12/20190901120400_00160.jpg,datasets_flow/dataset_cropped/09_Metas/01/12/20190901120400_00160.jpg,874,886,125.1,32,959
9/1/2019 12:05,datasets/dataset_cropped/09_Metas/01/12/20190901120500_00160.jpg,datasets_flow/dataset_cropped/09_Metas/01/12/20190901120500_00160.jpg,876,886,125.9,32,959
9/1/2019 12:06,datasets/dataset_cropped/09_Metas/01/12/20190901120600_00160.jpg,datasets_flow/dataset_cropped/09_Metas/01/12/20190901120600_00160.jpg,877,885,126.9,32.4,959
9/1/2019 12:07,datasets/dataset_cropped/09_Metas/01/12/20190901120700_00160.jpg,datasets_flow/dataset_cropped/09_Metas/01/12/20190901120700_00160.jpg,879,884,128.4,32.4,959
9/1/2019 12:08,datasets/dataset_cropped/09_Metas/01/12/20190901120800_00160.jpg,datasets_flow/dataset_cropped/09_Metas/01/12/20190901120800_00160.jpg,881,884,130,32.7,959
9/1/2019 12:09,datasets/dataset_cropped/09_Metas/01/12/20190901120900_00160.jpg,datasets_flow/dataset_cropped/09_Metas/01/12/20190901120900_00160.jpg,883,884,131.8,32.6,959
9/1/2019 12:10,datasets/dataset_cropped/09_Metas/01/12/20190901121000_00160.jpg,datasets_flow/dataset_cropped/09_Metas/01/12/20190901121000_00160.jpg,885,885,132.8,32,959
9/1/2019 12:11,datasets/dataset_cropped/09_Metas/01/12/20190901121100_00160.jpg,datasets_flow/dataset_cropped/09_Metas/01/12/20190901121100_00160.jpg,887,887,133.6,31.8,959
9/1/2019 12:12,datasets/dataset_cropped/09_Metas/01/12/20190901121200_00160.jpg,datasets_flow/dataset_cropped/09_Metas/01/12/20190901121200_00160.jpg,890,888,134.3,32.1,959
9/1/2019 12:13,datasets/dataset_cropped/09_Metas/01/12/20190901121300_00160.jpg,datasets_flow/dataset_cropped/09_Metas/01/12/20190901121300_00160.jpg,891,888,134.4,32.3,959
9/1/2019 12:14,datasets/dataset_cropped/09_Metas/01/12/20190901121400_00160.jpg,datasets_flow/dataset_cropped/09_Metas/01/12/20190901121400_00160.jpg,891,888,134.5,32.1,959
9/1/2019 12:15,datasets/dataset_cropped/09_Metas/01/12/20190901121500_00160.jpg,datasets_flow/dataset_cropped/09_Metas/01/12/20190901121500_00160.jpg,893,886,135.6,32.4,959
9/1/2019 12:16,datasets/dataset_cropped/09_Metas/01/12/20190901121600_00160.jpg,datasets_flow/dataset_cropped/09_Metas/01/12/20190901121600_00160.jpg,894,884,137.2,32.5,959
9/1/2019 12:17,datasets/dataset_cropped/09_Metas/01/12/20190901121700_00160.jpg,datasets_flow/dataset_cropped/09_Metas/01/12/20190901121700_00160.jpg,896,883,139.6,32.3,959
9/1/2019 12:18,datasets/dataset_cropped/09_Metas/01/12/20190901121800_00160.jpg,datasets_flow/dataset_cropped/09_Metas/01/12/20190901121800_00160.jpg,897,880,141.8,32.3,959
9/1/2019 12:19,datasets/dataset_cropped/09_Metas/01/12/20190901121900_00160.jpg,datasets_flow/dataset_cropped/09_Metas/01/12/20190901121900_00160.jpg,900,881,143.7,32.8,959
9/1/2019 12:20,datasets/dataset_cropped/09_Metas/01/12/20190901122000_00160.jpg,datasets_flow/dataset_cropped/09_Metas/01/12/20190901122000_00160.jpg,900,880,144.1,32.6,959
9/1/2019 12:21,datasets/dataset_cropped/09_Metas/01/12/20190901122100_00160.jpg,datasets_flow/dataset_cropped/09_Metas/01/12/20190901122100_00160.jpg,903,882,144.6,32.4,959
9/1/2019 12:22,datasets/dataset_cropped/09_Metas/01/12/20190901122200_00160.jpg,datasets_flow/dataset_cropped/09_Metas/01/12/20190901122200_00160.jpg,905,883,145.1,32.5,959
9/1/2019 12:23,datasets/dataset_cropped/09_Metas/01/12/20190901122300_00160.jpg,datasets_flow/dataset_cropped/09_Metas/01/12/20190901122300_00160.jpg,907,883,145.9,32.4,959
9/1/2019 12:24,datasets/dataset_cropped/09_Metas/01/12/20190901122400_00160.jpg,datasets_flow/dataset_cropped/09_Metas/01/12/20190901122400_00160.jpg,904,878,147.2,32.4,959
9/1/2019 12:25,datasets/dataset_cropped/09_Metas/01/12/20190901122500_00160.jpg,datasets_flow/dataset_cropped/09_Metas/01/12/20190901122500_00160.jpg,902,874,148.6,32.7,959
9/1/2019 12:26,datasets/dataset_cropped/09_Metas/01/12/20190901122600_00160.jpg,datasets_flow/dataset_cropped/09_Metas/01/12/20190901122600_00160.jpg,903,872,150.6,32.9,959
9/1/2019 12:27,datasets/dataset_cropped/09_Metas/01/12/20190901122700_00160.jpg,datasets_flow/dataset_cropped/09_Metas/01/12/20190901122700_00160.jpg,905,871,153.6,32.7,959
9/1/2019 12:28,datasets/dataset_cropped/09_Metas/01/12/20190901122800_00160.jpg,datasets_flow/dataset_cropped/09_Metas/01/12/20190901122800_00160.jpg,909,871,156.6,32.9,959
9/1/2019 12:29,datasets/dataset_cropped/09_Metas/01/12/20190901122900_00160.jpg,datasets_flow/dataset_cropped/09_Metas/01/12/20190901122900_00160.jpg,913,872,158.8,32.8,959
9/1/2019 12:30,datasets/dataset_cropped/09_Metas/01/12/20190901123000_00160.jpg,datasets_flow/dataset_cropped/09_Metas/01/12/20190901123000_00160.jpg,916,871,162.4,32.6,959
9/1/2019 12:31,datasets/dataset_cropped/09_Metas/01/12/20190901123100_00160.jpg,datasets_flow/dataset_cropped/09_Metas/01/12/20190901123100_00160.jpg,918,867,166.9,32.8,959
9/1/2019 12:32,datasets/dataset_cropped/09_Metas/01/12/20190901123200_00160.jpg,datasets_flow/dataset_cropped/09_Metas/01/12/20190901123200_00160.jpg,918,863,171.4,32.9,959
9/1/2019 12:33,datasets/dataset_cropped/09_Metas/01/12/20190901123300_00160.jpg,datasets_flow/dataset_cropped/09_Metas/01/12/20190901123300_00160.jpg,925,866,175.1,32.7,959
9/1/2019 12:34,datasets/dataset_cropped/09_Metas/01/12/20190901123400_00160.jpg,datasets_flow/dataset_cropped/09_Metas/01/12/20190901123400_00160.jpg,931,868,178.1,33.3,959
9/1/2019 12:35,datasets/dataset_cropped/09_Metas/01/12/20190901123500_00160.jpg,datasets_flow/dataset_cropped/09_Metas/01/12/20190901123500_00160.jpg,932,866,180.6,33.6,959
9/1/2019 12:36,datasets/dataset_cropped/09_Metas/01/12/20190901123600_00160.jpg,datasets_flow/dataset_cropped/09_Metas/01/12/20190901123600_00160.jpg,935,865,184.2,33.8,959
9/1/2019 12:37,datasets/dataset_cropped/09_Metas/01/12/20190901123700_00160.jpg,datasets_flow/dataset_cropped/09_Metas/01/12/20190901123700_00160.jpg,942,865,189,33.1,959
9/1/2019 12:38,datasets/dataset_cropped/09_Metas/01/12/20190901123800_00160.jpg,datasets_flow/dataset_cropped/09_Metas/01/12/20190901123800_00160.jpg,950,868,194.5,32.7,959
9/1/2019 12:39,datasets/dataset_cropped/09_Metas/01/12/20190901123900_00160.jpg,datasets_flow/dataset_cropped/09_Metas/01/12/20190901123900_00160.jpg,958,869,200.8,32.8,959
9/1/2019 12:40,datasets/dataset_cropped/09_Metas/01/12/20190901124000_00160.jpg,datasets_flow/dataset_cropped/09_Metas/01/12/20190901124000_00160.jpg,965,867,209.8,33.2,959
9/1/2019 12:41,datasets/dataset_cropped/09_Metas/01/12/20190901124100_00160.jpg,datasets_flow/dataset_cropped/09_Metas/01/12/20190901124100_00160.jpg,972,864,218.7,33.8,959
9/1/2019 12:42,datasets/dataset_cropped/09_Metas/01/12/20190901124200_00160.jpg,datasets_flow/dataset_cropped/09_Metas/01/12/20190901124200_00160.jpg,978,862,224.6,33.5,959
9/1/2019 12:43,datasets/dataset_cropped/09_Metas/01/12/20190901124300_00160.jpg,datasets_flow/dataset_cropped/09_Metas/01/12/20190901124300_00160.jpg,985,864,230,33,959
9/1/2019 12:44,datasets/dataset_cropped/09_Metas/01/12/20190901124400_00160.jpg,datasets_flow/dataset_cropped/09_Metas/01/12/20190901124400_00160.jpg,989,863,234.7,32.6,959
9/1/2019 12:45,datasets/dataset_cropped/09_Metas/01/12/20190901124500_00160.jpg,datasets_flow/dataset_cropped/09_Metas/01/12/20190901124500_00160.jpg,990,862,236,33,959
9/1/2019 12:46,datasets/dataset_cropped/09_Metas/01/12/20190901124600_00160.jpg,datasets_flow/dataset_cropped/09_Metas/01/12/20190901124600_00160.jpg,990,862,236.1,33.4,959
9/1/2019 12:47,datasets/dataset_cropped/09_Metas/01/12/20190901124700_00160.jpg,datasets_flow/dataset_cropped/09_Metas/01/12/20190901124700_00160.jpg,994,866,236.8,33.6,959
9/1/2019 12:48,datasets/dataset_cropped/09_Metas/01/12/20190901124800_00160.jpg,datasets_flow/dataset_cropped/09_Metas/01/12/20190901124800_00160.jpg,1000,871,238.2,33.4,959
9/1/2019 12:49,datasets/dataset_cropped/09_Metas/01/12/20190901124900_00160.jpg,datasets_flow/dataset_cropped/09_Metas/01/12/20190901124900_00160.jpg,1001,868,241.1,33.7,959
9/1/2019 12:50,datasets/dataset_cropped/09_Metas/01/12/20190901125000_00160.jpg,datasets_flow/dataset_cropped/09_Metas/01/12/20190901125000_00160.jpg,1005,867,245.2,33.4,959
9/1/2019 12:51,datasets/dataset_cropped/09_Metas/01/12/20190901125100_00160.jpg,datasets_flow/dataset_cropped/09_Metas/01/12/20190901125100_00160.jpg,1015,867,255.3,33.1,959
9/1/2019 12:52,datasets/dataset_cropped/09_Metas/01/12/20190901125200_00160.jpg,datasets_flow/dataset_cropped/09_Metas/01/12/20190901125200_00160.jpg,996,820,277,33.2,959
9/1/2019 12:53,datasets/dataset_cropped/09_Metas/01/12/20190901125300_00160.jpg,datasets_flow/dataset_cropped/09_Metas/01/12/20190901125300_00160.jpg,522.6,261.7,289.5,33.5,959
9/1/2019 12:54,datasets/dataset_cropped/09_Metas/01/12/20190901125400_00160.jpg,datasets_flow/dataset_cropped/09_Metas/01/12/20190901125400_00160.jpg,320,20.4,297.1,33.4,959
9/1/2019 12:55,datasets/dataset_cropped/09_Metas/01/12/20190901125500_00160.jpg,datasets_flow/dataset_cropped/09_Metas/01/12/20190901125500_00160.jpg,478.1,184.8,308.1,33.1,959
9/1/2019 12:56,datasets/dataset_cropped/09_Metas/01/12/20190901125600_00160.jpg,datasets_flow/dataset_cropped/09_Metas/01/12/20190901125600_00160.jpg,394.3,76.8,319.8,32.6,959
9/1/2019 12:57,datasets/dataset_cropped/09_Metas/01/12/20190901125700_00160.jpg,datasets_flow/dataset_cropped/09_Metas/01/12/20190901125700_00160.jpg,560.8,269.3,315.5,32.1,959
9/1/2019 12:58,datasets/dataset_cropped/09_Metas/01/12/20190901125800_00160.jpg,datasets_flow/dataset_cropped/09_Metas/01/12/20190901125800_00160.jpg,415.8,130.2,297.6,31.8,959
9/1/2019 12:59,datasets/dataset_cropped/09_Metas/01/12/20190901125900_00160.jpg,datasets_flow/dataset_cropped/09_Metas/01/12/20190901125900_00160.jpg,322.7,38.6,282.8,31.9,959
9/1/2019 13:00,datasets/dataset_cropped/09_Metas/01/13/20190901130000_00160.jpg,datasets_flow/dataset_cropped/09_Metas/01/13/20190901130000_00160.jpg,322.2,40.3,277.7,32.2,959
9/1/2019 13:01,datasets/dataset_cropped/09_Metas/01/13/20190901130100_00160.jpg,datasets_flow/dataset_cropped/09_Metas/01/13/20190901130100_00160.jpg,887,685.2,276.8,32.2,959
9/1/2019 13:02,datasets/dataset_cropped/09_Metas/01/13/20190901130200_00160.jpg,datasets_flow/dataset_cropped/09_Metas/01/13/20190901130200_00160.jpg,932,760.4,261.6,32.1,959
9/1/2019 13:03,datasets/dataset_cropped/09_Metas/01/13/20190901130300_00160.jpg,datasets_flow/dataset_cropped/09_Metas/01/13/20190901130300_00160.jpg,984,840,244.2,32,959
9/1/2019 13:04,datasets/dataset_cropped/09_Metas/01/13/20190901130400_00160.jpg,datasets_flow/dataset_cropped/09_Metas/01/13/20190901130400_00160.jpg,974,852,224.5,32.6,959
9/1/2019 13:05,datasets/dataset_cropped/09_Metas/01/13/20190901130500_00160.jpg,datasets_flow/dataset_cropped/09_Metas/01/13/20190901130500_00160.jpg,952,843,211.3,33,959
9/1/2019 13:06,datasets/dataset_cropped/09_Metas/01/13/20190901130600_00160.jpg,datasets_flow/dataset_cropped/09_Metas/01/13/20190901130600_00160.jpg,953,851,205.6,32.9,959
9/1/2019 13:07,datasets/dataset_cropped/09_Metas/01/13/20190901130700_00160.jpg,datasets_flow/dataset_cropped/09_Metas/01/13/20190901130700_00160.jpg,951,849,205,33.1,959
9/1/2019 13:08,datasets/dataset_cropped/09_Metas/01/13/20190901130800_00160.jpg,datasets_flow/dataset_cropped/09_Metas/01/13/20190901130800_00160.jpg,953,852,204.8,33.1,959
9/1/2019 13:09,datasets/dataset_cropped/09_Metas/01/13/20190901130900_00160.jpg,datasets_flow/dataset_cropped/09_Metas/01/13/20190901130900_00160.jpg,950,852,201.9,33.2,959
9/1/2019 13:10,datasets/dataset_cropped/09_Metas/01/13/20190901131000_00160.jpg,datasets_flow/dataset_cropped/09_Metas/01/13/20190901131000_00160.jpg,946,854,196.4,33.3,959
9/1/2019 13:11,datasets/dataset_cropped/09_Metas/01/13/20190901131100_00160.jpg,datasets_flow/dataset_cropped/09_Metas/01/13/20190901131100_00160.jpg,942,856,191.3,33.5,959
9/1/2019 13:12,datasets/dataset_cropped/09_Metas/01/13/20190901131200_00160.jpg,datasets_flow/dataset_cropped/09_Metas/01/13/20190901131200_00160.jpg,940,858,188,33.4,959
9/1/2019 13:13,datasets/dataset_cropped/09_Metas/01/13/20190901131300_00160.jpg,datasets_flow/dataset_cropped/09_Metas/01/13/20190901131300_00160.jpg,935,856,185.6,33.8,959
9/1/2019 13:14,datasets/dataset_cropped/09_Metas/01/13/20190901131400_00160.jpg,datasets_flow/dataset_cropped/09_Metas/01/13/20190901131400_00160.jpg,932,852,185.1,33.4,959
9/1/2019 13:15,datasets/dataset_cropped/09_Metas/01/13/20190901131500_00160.jpg,datasets_flow/dataset_cropped/09_Metas/01/13/20190901131500_00160.jpg,931,850,185.3,33.1,959
9/1/2019 13:16,datasets/dataset_cropped/09_Metas/01/13/20190901131600_00160.jpg,datasets_flow/dataset_cropped/09_Metas/01/13/20190901131600_00160.jpg,931,849,186.9,33.3,959
9/1/2019 13:17,datasets/dataset_cropped/09_Metas/01/13/20190901131700_00160.jpg,datasets_flow/dataset_cropped/09_Metas/01/13/20190901131700_00160.jpg,932,849,187.1,33.1,958
9/1/2019 13:18,datasets/dataset_cropped/09_Metas/01/13/20190901131800_00160.jpg,datasets_flow/dataset_cropped/09_Metas/01/13/20190901131800_00160.jpg,935,851,188.1,32.9,959
9/1/2019 13:19,datasets/dataset_cropped/09_Metas/01/13/20190901131900_00160.jpg,datasets_flow/dataset_cropped/09_Metas/01/13/20190901131900_00160.jpg,940,851,191.8,33.2,959
9/1/2019 13:20,datasets/dataset_cropped/09_Metas/01/13/20190901132000_00160.jpg,datasets_flow/dataset_cropped/09_Metas/01/13/20190901132000_00160.jpg,948,852,198.9,33.1,959
9/1/2019 13:21,datasets/dataset_cropped/09_Metas/01/13/20190901132100_00160.jpg,datasets_flow/dataset_cropped/09_Metas/01/13/20190901132100_00160.jpg,950,848,205.1,32.9,959
9/1/2019 13:22,datasets/dataset_cropped/09_Metas/01/13/20190901132200_00160.jpg,datasets_flow/dataset_cropped/09_Metas/01/13/20190901132200_00160.jpg,944,839,207.3,32.8,959
9/1/2019 13:23,datasets/dataset_cropped/09_Metas/01/13/20190901132300_00160.jpg,datasets_flow/dataset_cropped/09_Metas/01/13/20190901132300_00160.jpg,935,830,205.5,32.9,959
9/1/2019 13:24,datasets/dataset_cropped/09_Metas/01/13/20190901132400_00160.jpg,datasets_flow/dataset_cropped/09_Metas/01/13/20190901132400_00160.jpg,929,831,199.5,33.1,959
9/1/2019 13:25,datasets/dataset_cropped/09_Metas/01/13/20190901132500_00160.jpg,datasets_flow/dataset_cropped/09_Metas/01/13/20190901132500_00160.jpg,917,827,191.1,33.4,959
9/1/2019 13:26,datasets/dataset_cropped/09_Metas/01/13/20190901132600_00160.jpg,datasets_flow/dataset_cropped/09_Metas/01/13/20190901132600_00160.jpg,909,826,184.5,33.1,959
9/1/2019 13:27,datasets/dataset_cropped/09_Metas/01/13/20190901132700_00160.jpg,datasets_flow/dataset_cropped/09_Metas/01/13/20190901132700_00160.jpg,905,822,183.1,32.9,959
9/1/2019 13:28,datasets/dataset_cropped/09_Metas/01/13/20190901132800_00160.jpg,datasets_flow/dataset_cropped/09_Metas/01/13/20190901132800_00160.jpg,843,750.9,184.2,33.1,959
9/1/2019 13:29,datasets/dataset_cropped/09_Metas/01/13/20190901132900_00160.jpg,datasets_flow/dataset_cropped/09_Metas/01/13/20190901132900_00160.jpg,838,736.2,191.5,33,959
9/1/2019 13:30,datasets/dataset_cropped/09_Metas/01/13/20190901133000_00160.jpg,datasets_flow/dataset_cropped/09_Metas/01/13/20190901133000_00160.jpg,904,810,194.4,33,959
9/1/2019 13:31,datasets/dataset_cropped/09_Metas/01/13/20190901133100_00160.jpg,datasets_flow/dataset_cropped/09_Metas/01/13/20190901133100_00160.jpg,882,787.3,192.6,33.3,959
9/1/2019 13:32,datasets/dataset_cropped/09_Metas/01/13/20190901133200_00160.jpg,datasets_flow/dataset_cropped/09_Metas/01/13/20190901133200_00160.jpg,915,832,186.6,33.4,958
9/1/2019 13:33,datasets/dataset_cropped/09_Metas/01/13/20190901133300_00160.jpg,datasets_flow/dataset_cropped/09_Metas/01/13/20190901133300_00160.jpg,909,834,179.7,33.5,958
9/1/2019 13:34,datasets/dataset_cropped/09_Metas/01/13/20190901133400_00160.jpg,datasets_flow/dataset_cropped/09_Metas/01/13/20190901133400_00160.jpg,903,834,174.3,32.9,959
9/1/2019 13:35,datasets/dataset_cropped/09_Metas/01/13/20190901133500_00160.jpg,datasets_flow/dataset_cropped/09_Metas/01/13/20190901133500_00160.jpg,904,838,172.2,32.7,959
9/1/2019 13:36,datasets/dataset_cropped/09_Metas/01/13/20190901133600_00160.jpg,datasets_flow/dataset_cropped/09_Metas/01/13/20190901133600_00160.jpg,903,837,173,33,959
9/1/2019 13:37,datasets/dataset_cropped/09_Metas/01/13/20190901133700_00160.jpg,datasets_flow/dataset_cropped/09_Metas/01/13/20190901133700_00160.jpg,900,835,172.7,33.2,958
9/1/2019 13:38,datasets/dataset_cropped/09_Metas/01/13/20190901133800_00160.jpg,datasets_flow/dataset_cropped/09_Metas/01/13/20190901133800_00160.jpg,896,829,173.7,33.1,958
9/1/2019 13:39,datasets/dataset_cropped/09_Metas/01/13/20190901133900_00160.jpg,datasets_flow/dataset_cropped/09_Metas/01/13/20190901133900_00160.jpg,899,833,174.4,33.1,959
9/1/2019 13:40,datasets/dataset_cropped/09_Metas/01/13/20190901134000_00160.jpg,datasets_flow/dataset_cropped/09_Metas/01/13/20190901134000_00160.jpg,904,838,174.4,33.4,958
9/1/2019 13:41,datasets/dataset_cropped/09_Metas/01/13/20190901134100_00160.jpg,datasets_flow/dataset_cropped/09_Metas/01/13/20190901134100_00160.jpg,904,838,174.2,33.6,958
9/1/2019 13:42,datasets/dataset_cropped/09_Metas/01/13/20190901134200_00160.jpg,datasets_flow/dataset_cropped/09_Metas/01/13/20190901134200_00160.jpg,901,836,174.1,33.7,958
9/1/2019 13:43,datasets/dataset_cropped/09_Metas/01/13/20190901134300_00160.jpg,datasets_flow/dataset_cropped/09_Metas/01/13/20190901134300_00160.jpg,902,837,174.6,33.4,958
9/1/2019 13:44,datasets/dataset_cropped/09_Metas/01/13/20190901134400_00160.jpg,datasets_flow/dataset_cropped/09_Metas/01/13/20190901134400_00160.jpg,904,840,174.3,33.1,958
9/1/2019 13:45,datasets/dataset_cropped/09_Metas/01/13/20190901134500_00160.jpg,datasets_flow/dataset_cropped/09_Metas/01/13/20190901134500_00160.jpg,903,839,173.6,33,958
9/1/2019 13:46,datasets/dataset_cropped/09_Metas/01/13/20190901134600_00160.jpg,datasets_flow/dataset_cropped/09_Metas/01/13/20190901134600_00160.jpg,900,835,174.3,33.2,958
9/1/2019 13:47,datasets/dataset_cropped/09_Metas/01/13/20190901134700_00160.jpg,datasets_flow/dataset_cropped/09_Metas/01/13/20190901134700_00160.jpg,896,830,175.2,33.1,958
9/1/2019 13:48,datasets/dataset_cropped/09_Metas/01/13/20190901134800_00160.jpg,datasets_flow/dataset_cropped/09_Metas/01/13/20190901134800_00160.jpg,896,827,177.3,33,959
9/1/2019 13:49,datasets/dataset_cropped/09_Metas/01/13/20190901134900_00160.jpg,datasets_flow/dataset_cropped/09_Metas/01/13/20190901134900_00160.jpg,897,827,179.3,33.1,958
9/1/2019 13:50,datasets/dataset_cropped/09_Metas/01/13/20190901135000_00160.jpg,datasets_flow/dataset_cropped/09_Metas/01/13/20190901135000_00160.jpg,895,825,180.2,33.4,958
9/1/2019 13:51,datasets/dataset_cropped/09_Metas/01/13/20190901135100_00160.jpg,datasets_flow/dataset_cropped/09_Metas/01/13/20190901135100_00160.jpg,893,824,179.2,33.5,958
9/1/2019 13:52,datasets/dataset_cropped/09_Metas/01/13/20190901135200_00160.jpg,datasets_flow/dataset_cropped/09_Metas/01/13/20190901135200_00160.jpg,892,825,178.6,33.5,958
9/1/2019 13:53,datasets/dataset_cropped/09_Metas/01/13/20190901135300_00160.jpg,datasets_flow/dataset_cropped/09_Metas/01/13/20190901135300_00160.jpg,891,825,177.7,33,958
9/1/2019 13:54,datasets/dataset_cropped/09_Metas/01/13/20190901135400_00160.jpg,datasets_flow/dataset_cropped/09_Metas/01/13/20190901135400_00160.jpg,892,827,176.9,33.1,958
9/1/2019 13:55,datasets/dataset_cropped/09_Metas/01/13/20190901135500_00160.jpg,datasets_flow/dataset_cropped/09_Metas/01/13/20190901135500_00160.jpg,893,829,177,33.4,958
9/1/2019 13:56,datasets/dataset_cropped/09_Metas/01/13/20190901135600_00160.jpg,datasets_flow/dataset_cropped/09_Metas/01/13/20190901135600_00160.jpg,892,828,177.5,33.4,958
9/1/2019 13:57,datasets/dataset_cropped/09_Metas/01/13/20190901135700_00160.jpg,datasets_flow/dataset_cropped/09_Metas/01/13/20190901135700_00160.jpg,892,826,179.2,33.4,958
9/1/2019 13:58,datasets/dataset_cropped/09_Metas/01/13/20190901135800_00160.jpg,datasets_flow/dataset_cropped/09_Metas/01/13/20190901135800_00160.jpg,892,825,181.5,33.1,958
9/1/2019 13:59,datasets/dataset_cropped/09_Metas/01/13/20190901135900_00160.jpg,datasets_flow/dataset_cropped/09_Metas/01/13/20190901135900_00160.jpg,889,820,183.2,32.7,958
9/1/2019 14:00,datasets/dataset_cropped/09_Metas/01/14/20190901140000_00160.jpg,datasets_flow/dataset_cropped/09_Metas/01/14/20190901140000_00160.jpg,889,820,184.6,32.9,958
9/1/2019 14:01,datasets/dataset_cropped/09_Metas/01/14/20190901140100_00160.jpg,datasets_flow/dataset_cropped/09_Metas/01/14/20190901140100_00160.jpg,890,819,185.6,33.2,958
9/1/2019 14:02,datasets/dataset_cropped/09_Metas/01/14/20190901140200_00160.jpg,datasets_flow/dataset_cropped/09_Metas/01/14/20190901140200_00160.jpg,889,817,186.5,33.2,958
9/1/2019 14:03,datasets/dataset_cropped/09_Metas/01/14/20190901140300_00160.jpg,datasets_flow/dataset_cropped/09_Metas/01/14/20190901140300_00160.jpg,889,817,188.3,33.1,958
9/1/2019 14:04,datasets/dataset_cropped/09_Metas/01/14/20190901140400_00160.jpg,datasets_flow/dataset_cropped/09_Metas/01/14/20190901140400_00160.jpg,890,818,189.7,33.4,958
9/1/2019 14:05,datasets/dataset_cropped/09_Metas/01/14/20190901140500_00160.jpg,datasets_flow/dataset_cropped/09_Metas/01/14/20190901140500_00160.jpg,890,818,190.2,33.5,958
9/1/2019 14:06,datasets/dataset_cropped/09_Metas/01/14/20190901140600_00160.jpg,datasets_flow/dataset_cropped/09_Metas/01/14/20190901140600_00160.jpg,890,817,191.2,33.3,958
9/1/2019 14:07,datasets/dataset_cropped/09_Metas/01/14/20190901140700_00160.jpg,datasets_flow/dataset_cropped/09_Metas/01/14/20190901140700_00160.jpg,888,814,193,32.9,958
9/1/2019 14:08,datasets/dataset_cropped/09_Metas/01/14/20190901140800_00160.jpg,datasets_flow/dataset_cropped/09_Metas/01/14/20190901140800_00160.jpg,891,817,195.1,33.1,958
9/1/2019 14:09,datasets/dataset_cropped/09_Metas/01/14/20190901140900_00160.jpg,datasets_flow/dataset_cropped/09_Metas/01/14/20190901140900_00160.jpg,894,817,198.5,33.4,958
9/1/2019 14:10,datasets/dataset_cropped/09_Metas/01/14/20190901141000_00160.jpg,datasets_flow/dataset_cropped/09_Metas/01/14/20190901141000_00160.jpg,895,814,202.8,33.6,958
9/1/2019 14:11,datasets/dataset_cropped/09_Metas/01/14/20190901141100_00160.jpg,datasets_flow/dataset_cropped/09_Metas/01/14/20190901141100_00160.jpg,895,810,206.4,33.7,958
9/1/2019 14:12,datasets/dataset_cropped/09_Metas/01/14/20190901141200_00160.jpg,datasets_flow/dataset_cropped/09_Metas/01/14/20190901141200_00160.jpg,896,808,208,33.5,958
9/1/2019 14:13,datasets/dataset_cropped/09_Metas/01/14/20190901141300_00160.jpg,datasets_flow/dataset_cropped/09_Metas/01/14/20190901141300_00160.jpg,893,802,208.9,33.1,958
9/1/2019 14:14,datasets/dataset_cropped/09_Metas/01/14/20190901141400_00160.jpg,datasets_flow/dataset_cropped/09_Metas/01/14/20190901141400_00160.jpg,889,797.3,209.9,32.8,958
9/1/2019 14:15,datasets/dataset_cropped/09_Metas/01/14/20190901141500_00160.jpg,datasets_flow/dataset_cropped/09_Metas/01/14/20190901141500_00160.jpg,895,803,211.8,33.1,958
9/1/2019 14:16,datasets/dataset_cropped/09_Metas/01/14/20190901141600_00160.jpg,datasets_flow/dataset_cropped/09_Metas/01/14/20190901141600_00160.jpg,899,805,214.7,33.2,958
9/1/2019 14:17,datasets/dataset_cropped/09_Metas/01/14/20190901141700_00160.jpg,datasets_flow/dataset_cropped/09_Metas/01/14/20190901141700_00160.jpg,902,805,219,33.1,958
9/1/2019 14:18,datasets/dataset_cropped/09_Metas/01/14/20190901141800_00160.jpg,datasets_flow/dataset_cropped/09_Metas/01/14/20190901141800_00160.jpg,908,806,224.2,33,958
9/1/2019 14:19,datasets/dataset_cropped/09_Metas/01/14/20190901141900_00160.jpg,datasets_flow/dataset_cropped/09_Metas/01/14/20190901141900_00160.jpg,912,805,230.6,33.1,958
9/1/2019 14:20,datasets/dataset_cropped/09_Metas/01/14/20190901142000_00160.jpg,datasets_flow/dataset_cropped/09_Metas/01/14/20190901142000_00160.jpg,913,799.9,236.7,33.6,958
9/1/2019 14:21,datasets/dataset_cropped/09_Metas/01/14/20190901142100_00160.jpg,datasets_flow/dataset_cropped/09_Metas/01/14/20190901142100_00160.jpg,913,793.6,243.7,33.7,958
9/1/2019 14:22,datasets/dataset_cropped/09_Metas/01/14/20190901142200_00160.jpg,datasets_flow/dataset_cropped/09_Metas/01/14/20190901142200_00160.jpg,918,791.9,251,33.4,958
9/1/2019 14:23,datasets/dataset_cropped/09_Metas/01/14/20190901142300_00160.jpg,datasets_flow/dataset_cropped/09_Metas/01/14/20190901142300_00160.jpg,922,788.8,258.3,33.7,958
9/1/2019 14:24,datasets/dataset_cropped/09_Metas/01/14/20190901142400_00160.jpg,datasets_flow/dataset_cropped/09_Metas/01/14/20190901142400_00160.jpg,931,787.6,268.5,33.7,958
9/1/2019 14:25,datasets/dataset_cropped/09_Metas/01/14/20190901142500_00160.jpg,datasets_flow/dataset_cropped/09_Metas/01/14/20190901142500_00160.jpg,879,715.4,278,33.7,958
9/1/2019 14:26,datasets/dataset_cropped/09_Metas/01/14/20190901142600_00160.jpg,datasets_flow/dataset_cropped/09_Metas/01/14/20190901142600_00160.jpg,801,608.7,287,33.6,958
9/1/2019 14:27,datasets/dataset_cropped/09_Metas/01/14/20190901142700_00160.jpg,datasets_flow/dataset_cropped/09_Metas/01/14/20190901142700_00160.jpg,877,688.5,298.1,33.1,958
9/1/2019 14:28,datasets/dataset_cropped/09_Metas/01/14/20190901142800_00160.jpg,datasets_flow/dataset_cropped/09_Metas/01/14/20190901142800_00160.jpg,599.1,350.5,298.9,33.4,958
9/1/2019 14:29,datasets/dataset_cropped/09_Metas/01/14/20190901142900_00160.jpg,datasets_flow/dataset_cropped/09_Metas/01/14/20190901142900_00160.jpg,715.9,487.7,306.5,33.4,958
9/1/2019 14:30,datasets/dataset_cropped/09_Metas/01/14/20190901143000_00160.jpg,datasets_flow/dataset_cropped/09_Metas/01/14/20190901143000_00160.jpg,960,779.2,309.2,33.5,958
9/1/2019 14:31,datasets/dataset_cropped/09_Metas/01/14/20190901143100_00160.jpg,datasets_flow/dataset_cropped/09_Metas/01/14/20190901143100_00160.jpg,968,775.2,321.1,33.2,958
9/1/2019 14:32,datasets/dataset_cropped/09_Metas/01/14/20190901143200_00160.jpg,datasets_flow/dataset_cropped/09_Metas/01/14/20190901143200_00160.jpg,844,605.9,341.2,33,958
9/1/2019 14:33,datasets/dataset_cropped/09_Metas/01/14/20190901143300_00160.jpg,datasets_flow/dataset_cropped/09_Metas/01/14/20190901143300_00160.jpg,494.6,153,360.8,33.2,958
9/1/2019 14:34,datasets/dataset_cropped/09_Metas/01/14/20190901143400_00160.jpg,datasets_flow/dataset_cropped/09_Metas/01/14/20190901143400_00160.jpg,682.1,359.6,375.6,33.2,958
9/1/2019 14:35,datasets/dataset_cropped/09_Metas/01/14/20190901143500_00160.jpg,datasets_flow/dataset_cropped/09_Metas/01/14/20190901143500_00160.jpg,978,726.6,374.2,33,958
9/1/2019 14:36,datasets/dataset_cropped/09_Metas/01/14/20190901143600_00160.jpg,datasets_flow/dataset_cropped/09_Metas/01/14/20190901143600_00160.jpg,1006,764.9,373.4,32.9,958
9/1/2019 14:37,datasets/dataset_cropped/09_Metas/01/14/20190901143700_00160.jpg,datasets_flow/dataset_cropped/09_Metas/01/14/20190901143700_00160.jpg,631,326.8,360.8,33.1,958
9/1/2019 14:38,datasets/dataset_cropped/09_Metas/01/14/20190901143800_00160.jpg,datasets_flow/dataset_cropped/09_Metas/01/14/20190901143800_00160.jpg,374.5,31.7,344.3,33,958
9/1/2019 14:39,datasets/dataset_cropped/09_Metas/01/14/20190901143900_00160.jpg,datasets_flow/dataset_cropped/09_Metas/01/14/20190901143900_00160.jpg,332.4,4.2,324.7,32.8,958
9/1/2019 14:40,datasets/dataset_cropped/09_Metas/01/14/20190901144000_00160.jpg,datasets_flow/dataset_cropped/09_Metas/01/14/20190901144000_00160.jpg,315.7,0,311.4,32.4,958
9/1/2019 14:41,datasets/dataset_cropped/09_Metas/01/14/20190901144100_00160.jpg,datasets_flow/dataset_cropped/09_Metas/01/14/20190901144100_00160.jpg,306.3,0,302.1,32.2,958
9/1/2019 14:42,datasets/dataset_cropped/09_Metas/01/14/20190901144200_00160.jpg,datasets_flow/dataset_cropped/09_Metas/01/14/20190901144200_00160.jpg,298.4,0,294.1,32.4,958
9/1/2019 14:43,datasets/dataset_cropped/09_Metas/01/14/20190901144300_00160.jpg,datasets_flow/dataset_cropped/09_Metas/01/14/20190901144300_00160.jpg,293.1,0,289,32.2,958
9/1/2019 14:44,datasets/dataset_cropped/09_Metas/01/14/20190901144400_00160.jpg,datasets_flow/dataset_cropped/09_Metas/01/14/20190901144400_00160.jpg,292.6,0,288.3,31.8,958
9/1/2019 14:45,datasets/dataset_cropped/09_Metas/01/14/20190901144500_00160.jpg,datasets_flow/dataset_cropped/09_Metas/01/14/20190901144500_00160.jpg,293.4,0,288.6,31.6,958
9/1/2019 14:46,datasets/dataset_cropped/09_Metas/01/14/20190901144600_00160.jpg,datasets_flow/dataset_cropped/09_Metas/01/14/20190901144600_00160.jpg,297.2,2.9,287.9,31.6,958
9/1/2019 14:47,datasets/dataset_cropped/09_Metas/01/14/20190901144700_00160.jpg,datasets_flow/dataset_cropped/09_Metas/01/14/20190901144700_00160.jpg,291.1,3,282,31.9,958
9/1/2019 14:48,datasets/dataset_cropped/09_Metas/01/14/20190901144800_00160.jpg,datasets_flow/dataset_cropped/09_Metas/01/14/20190901144800_00160.jpg,274.5,0.3,269,31.9,958
9/1/2019 14:49,datasets/dataset_cropped/09_Metas/01/14/20190901144900_00160.jpg,datasets_flow/dataset_cropped/09_Metas/01/14/20190901144900_00160.jpg,262.7,0,258.7,31.5,958
9/1/2019 14:50,datasets/dataset_cropped/09_Metas/01/14/20190901145000_00160.jpg,datasets_flow/dataset_cropped/09_Metas/01/14/20190901145000_00160.jpg,257.5,0,253.7,31.3,958
9/1/2019 14:51,datasets/dataset_cropped/09_Metas/01/14/20190901145100_00160.jpg,datasets_flow/dataset_cropped/09_Metas/01/14/20190901145100_00160.jpg,255.1,0,251.3,31.5,958
9/1/2019 14:52,datasets/dataset_cropped/09_Metas/01/14/20190901145200_00160.jpg,datasets_flow/dataset_cropped/09_Metas/01/14/20190901145200_00160.jpg,254.6,0,250.8,31.5,958
9/1/2019 14:53,datasets/dataset_cropped/09_Metas/01/14/20190901145300_00160.jpg,datasets_flow/dataset_cropped/09_Metas/01/14/20190901145300_00160.jpg,254.5,0,250.8,31.5,958
9/1/2019 14:54,datasets/dataset_cropped/09_Metas/01/14/20190901145400_00160.jpg,datasets_flow/dataset_cropped/09_Metas/01/14/20190901145400_00160.jpg,253.9,0,250.4,31.6,958
9/1/2019 14:55,datasets/dataset_cropped/09_Metas/01/14/20190901145500_00160.jpg,datasets_flow/dataset_cropped/09_Metas/01/14/20190901145500_00160.jpg,252.5,0,249,31.5,958
9/1/2019 14:56,datasets/dataset_cropped/09_Metas/01/14/20190901145600_00160.jpg,datasets_flow/dataset_cropped/09_Metas/01/14/20190901145600_00160.jpg,250.4,0,246.8,31.4,958
9/1/2019 14:57,datasets/dataset_cropped/09_Metas/01/14/20190901145700_00160.jpg,datasets_flow/dataset_cropped/09_Metas/01/14/20190901145700_00160.jpg,249.4,0,245.9,31.3,958
9/1/2019 14:58,datasets/dataset_cropped/09_Metas/01/14/20190901145800_00160.jpg,datasets_flow/dataset_cropped/09_Metas/01/14/20190901145800_00160.jpg,249.8,0.5,246.5,31.4,958
9/1/2019 14:59,datasets/dataset_cropped/09_Metas/01/14/20190901145900_00160.jpg,datasets_flow/dataset_cropped/09_Metas/01/14/20190901145900_00160.jpg,251.4,0.6,248.4,31.4,958
9/1/2019 15:00,datasets/dataset_cropped/09_Metas/01/15/20190901150000_00160.jpg,datasets_flow/dataset_cropped/09_Metas/01/15/20190901150000_00160.jpg,254.3,0.6,251.5,31.4,958
